case,dataset,method,status,gt,est,vicon_status,evo_status,vicon_offset_est_s,evo_offset_s,vicon_ate_rmse_raw_m,vicon_ate_rmse_step3_m,evo_ape_raw_rmse_m,evo_ape_se3_rmse_m,vicon_improve_pct,evo_improve_pct,vicon_xcorr_peak,vicon_xcorr_psr,vicon_omega_improve_pct,vicon_matches_equivalent,evo_matches,vicon_run_dir,vicon_stdout_log,vicon_stderr_log,evo_sweep_evals,error
euroc_mav_MH_01_easy_rovio,euroc_mav,rovio,ok,GT/euroc_mav/MH_01_easy.txt,benchmark/euroc_mav/pose/rovio/MH_01_easy/rovio_poses.txt,ok,ok,1.073,0.04999999999999982,5.928999828901007,0.26570783165585843,5.928776658715074,0.2680215570292469,95.51850498693528,95.47931095302401,0.7952938148687198,14.310586132691588,65.66724097602795,29104.0,3639.0,/home/yifu/vicon_ws/outputs/run_20260412_164322,/home/yifu/vicon_ws/outputs/alignanything_harness/run_20260412_164321/logs/vicon/euroc_mav_MH_01_easy_rovio.stdout.log,/home/yifu/vicon_ws/outputs/alignanything_harness/run_20260412_164321/logs/vicon/euroc_mav_MH_01_easy_rovio.stderr.log,102,
euroc_mav_MH_02_easy_rovio,euroc_mav,rovio,ok,GT/euroc_mav/MH_02_easy.txt,benchmark/euroc_mav/pose/rovio/MH_02_easy/rovio_poses.txt,ok,ok,0.882,20.0,53906.481334738884,38951.44502159508,38517.36745428964,28047.708078988853,27.74255700400603,27.181658735440895,0.8039595476298533,14.249314067124956,63.74154529765429,23995.0,2618.0,/home/yifu/vicon_ws/outputs/run_20260412_164335,/home/yifu/vicon_ws/outputs/alignanything_harness/run_20260412_164321/logs/vicon/euroc_mav_MH_02_easy_rovio.stdout.log,/home/yifu/vicon_ws/outputs/alignanything_harness/run_20260412_164321/logs/vicon/euroc_mav_MH_02_easy_rovio.stderr.log,92,
euroc_mav_MH_03_medium_rovio,euroc_mav,rovio,ok,GT/euroc_mav/MH_03_medium.txt,benchmark/euroc_mav/pose/rovio/MH_03_medium/rovio_poses.txt,ok,ok,2.347,0.1499999999999999,5.838350597571283,0.3366357745543432,5.83520903109249,0.37366529748506766,94.23406030642757,93.59636826213156,0.9435338824317043,10.12108939238371,37.0391464353121,21042.0,2631.0,/home/yifu/vicon_ws/outputs/run_20260412_164345,/home/yifu/vicon_ws/outputs/alignanything_harness/run_20260412_164321/logs/vicon/euroc_mav_MH_03_medium_rovio.stdout.log,/home/yifu/vicon_ws/outputs/alignanything_harness/run_20260412_164321/logs/vicon/euroc_mav_MH_03_medium_rovio.stderr.log,102,
euroc_mav_MH_04_difficult_rovio,euroc_mav,rovio,ok,GT/euroc_mav/MH_04_difficult.txt,benchmark/euroc_mav/pose/rovio/MH_04_difficult/rovio_poses.txt,ok,ok,1.594,-20.0,16.22701524149598,0.6076058753196585,14.701512196384991,6.565432426397604,96.2555906537461,55.34178839090745,0.8621204888519058,13.526229991318738,-543.3946641966982,15803.0,1597.0,/home/yifu/vicon_ws/outputs/run_20260412_164353,/home/yifu/vicon_ws/outputs/alignanything_harness/run_20260412_164321/logs/vicon/euroc_mav_MH_04_difficult_rovio.stdout.log,/home/yifu/vicon_ws/outputs/alignanything_harness/run_20260412_164321/logs/vicon/euroc_mav_MH_04_difficult_rovio.stderr.log,92,
euroc_mav_MH_05_difficult_rovio,euroc_mav,rovio,ok,GT/euroc_mav/MH_05_difficult.txt,benchmark/euroc_mav/pose/rovio/MH_05_difficult/rovio_poses.txt,ok,ok,1.362,20.0,16.878743066666626,0.5683079276468609,15.19607630298784,7.279665030347419,96.63299615733733,52.09510083259704,0.9477813901361328,13.959672282652097,47.84504507820226,17770.0,1849.0,/home/yifu/vicon_ws/outputs/run_20260412_164359,/home/yifu/vicon_ws/outputs/alignanything_harness/run_20260412_164321/logs/vicon/euroc_mav_MH_05_difficult_rovio.stdout.log,/home/yifu/vicon_ws/outputs/alignanything_harness/run_20260412_164321/logs/vicon/euroc_mav_MH_05_difficult_rovio.stderr.log,92,
euroc_mav_V1_01_easy_rovio,euroc_mav,rovio,ok,GT/euroc_mav/V1_01_easy.txt,benchmark/euroc_mav/pose/rovio/V1_01_easy/rovio_poses.txt,ok,ok,-0.052000000000000005,-15.29999999999999,4.075907215503846,0.1370348138611916,3.1330930951845053,2.192241358329914,96.63793097789596,30.029485504288377,0.9632856545713703,13.076699797756339,20.2639359985184,2894.0,2604.0,/home/yifu/vicon_ws/outputs/run_20260412_164405,/home/yifu/vicon_ws/outputs/alignanything_harness/run_20260412_164321/logs/vicon/euroc_mav_V1_01_easy_rovio.stdout.log,/home/yifu/vicon_ws/outputs/alignanything_harness/run_20260412_164321/logs/vicon/euroc_mav_V1_01_easy_rovio.stderr.log,102,
euroc_mav_V1_02_medium_rovio,euroc_mav,rovio,ok,GT/euroc_mav/V1_02_medium.txt,benchmark/euroc_mav/pose/rovio/V1_02_medium/rovio_poses.txt,ok,ok,0.9410000000000001,-12.5,3.4775762964382886,0.15618880289694353,2.2487549871067354,1.8852502786152736,95.50868796012136,16.164709386992307,0.9751918836409763,7.644615940913264,91.13388329903665,13362.0,1438.0,/home/yifu/vicon_ws/outputs/run_20260412_164408,/home/yifu/vicon_ws/outputs/alignanything_harness/run_20260412_164321/logs/vicon/euroc_mav_V1_02_medium_rovio.stdout.log,/home/yifu/vicon_ws/outputs/alignanything_harness/run_20260412_164321/logs/vicon/euroc_mav_V1_02_medium_rovio.stderr.log,102,
euroc_mav_V1_03_difficult_rovio,euroc_mav,rovio,ok,GT/euroc_mav/V1_03_difficult.txt,benchmark/euroc_mav/pose/rovio/V1_03_difficult/rovio_poses.txt,ok,ok,1.792,-20.0,3.3302907523740357,0.13623108501385703,2.4753782617716884,1.7665640362395378,95.90933359444061,28.63458229711319,0.9637274209234272,8.758203709668457,6.89147168295992,16746.0,1712.0,/home/yifu/vicon_ws/outputs/run_20260412_164413,/home/yifu/vicon_ws/outputs/alignanything_harness/run_20260412_164321/logs/vicon/euroc_mav_V1_03_difficult_rovio.stdout.log,/home/yifu/vicon_ws/outputs/alignanything_harness/run_20260412_164321/logs/vicon/euroc_mav_V1_03_difficult_rovio.stderr.log,92,
euroc_mav_V2_01_easy_rovio,euroc_mav,rovio,ok,GT/euroc_mav/V2_01_easy.txt,benchmark/euroc_mav/pose/rovio/V2_01_easy/rovio_poses.txt,ok,ok,1.223,0.04999999999999982,1.942879742358653,0.25930849859738153,1.942756195152437,0.26002427705739584,86.65339429174098,86.6157020779512,0.9649031306821829,10.970622266076834,83.93140937237135,17920.0,2240.0,/home/yifu/vicon_ws/outputs/run_20260412_164420,/home/yifu/vicon_ws/outputs/alignanything_harness/run_20260412_164321/logs/vicon/euroc_mav_V2_01_easy_rovio.stdout.log,/home/yifu/vicon_ws/outputs/alignanything_harness/run_20260412_164321/logs/vicon/euroc_mav_V2_01_easy_rovio.stderr.log,102,
euroc_mav_V2_02_medium_rovio,euroc_mav,rovio,ok,GT/euroc_mav/V2_02_medium.txt,benchmark/euroc_mav/pose/rovio/V2_02_medium/rovio_poses.txt,ok,ok,1.218,0.0,1.909242869443252,0.27214293572628767,1.909181064356228,0.2745490163183294,85.74602843448073,85.61954015546644,0.9707849866667664,11.596608418863966,90.83441279841603,18473.0,2310.0,/home/yifu/vicon_ws/outputs/run_20260412_164427,/home/yifu/vicon_ws/outputs/alignanything_harness/run_20260412_164321/logs/vicon/euroc_mav_V2_02_medium_rovio.stdout.log,/home/yifu/vicon_ws/outputs/alignanything_harness/run_20260412_164321/logs/vicon/euroc_mav_V2_02_medium_rovio.stderr.log,102,
euroc_mav_V2_03_difficult_rovio,euroc_mav,rovio,ok,GT/euroc_mav/V2_03_difficult.txt,benchmark/euroc_mav/pose/rovio/V2_03_difficult/rovio_poses.txt,ok,ok,1.181,0.04999999999999982,1.733173326813379,0.16442798801385367,1.722883560274066,0.17154705467748482,90.51289415369223,90.04302678173465,0.9630115699105384,8.051171800673622,84.05434344870643,15120.0,1890.0,/home/yifu/vicon_ws/outputs/run_20260412_164434,/home/yifu/vicon_ws/outputs/alignanything_harness/run_20260412_164321/logs/vicon/euroc_mav_V2_03_difficult_rovio.stdout.log,/home/yifu/vicon_ws/outputs/alignanything_harness/run_20260412_164321/logs/vicon/euroc_mav_V2_03_difficult_rovio.stderr.log,102,
euroc_mav_MH_01_easy_svo_stereo,euroc_mav,svo_stereo,ok,GT/euroc_mav/MH_01_easy.txt,benchmark/euroc_mav/pose/svo_stereo/MH_01_easy/svo_poses.txt,ok,ok,-0.925,-0.15000000000000008,6.1852187653079795,0.12943189230797825,6.189487461664961,0.15245065852384695,97.90739992844033,97.5369421221218,0.9665124717007979,14.852009542780323,73.90188946798443,28236.0,3624.0,/home/yifu/vicon_ws/outputs/run_20260412_164440,/home/yifu/vicon_ws/outputs/alignanything_harness/run_20260412_164321/logs/vicon/euroc_mav_MH_01_easy_svo_stereo.stdout.log,/home/yifu/vicon_ws/outputs/alignanything_harness/run_20260412_164321/logs/vicon/euroc_mav_MH_01_easy_svo_stereo.stderr.log,102,
euroc_mav_MH_02_easy_svo_stereo,euroc_mav,svo_stereo,ok,GT/euroc_mav/MH_02_easy.txt,benchmark/euroc_mav/pose/svo_stereo/MH_02_easy/svo_poses.txt,ok,ok,-0.064,-0.0500000000000001,5.817462111116324,0.06452070805105478,5.81750164734465,0.0767083825849864,98.8909131366966,98.68142052661065,0.9760077462772991,14.67203393131269,57.48903061840179,23988.0,3000.0,/home/yifu/vicon_ws/outputs/run_20260412_164455,/home/yifu/vicon_ws/outputs/alignanything_harness/run_20260412_164321/logs/vicon/euroc_mav_MH_02_easy_svo_stereo.stdout.log,/home/yifu/vicon_ws/outputs/alignanything_harness/run_20260412_164321/logs/vicon/euroc_mav_MH_02_easy_svo_stereo.stderr.log,102,
euroc_mav_MH_03_medium_svo_stereo,euroc_mav,svo_stereo,ok,GT/euroc_mav/MH_03_medium.txt,benchmark/euroc_mav/pose/svo_stereo/MH_03_medium/svo_poses.txt,ok,ok,-0.34800000000000003,0.1499999999999999,5.852816331800195,0.17282928894581379,5.8511286868597,0.24498070770685057,97.04707479016984,95.81310340587827,0.9805942952410255,10.443088554367517,79.8172940303084,20990.0,2621.0,/home/yifu/vicon_ws/outputs/run_20260412_164505,/home/yifu/vicon_ws/outputs/alignanything_harness/run_20260412_164321/logs/vicon/euroc_mav_MH_03_medium_svo_stereo.stdout.log,/home/yifu/vicon_ws/outputs/alignanything_harness/run_20260412_164321/logs/vicon/euroc_mav_MH_03_medium_svo_stereo.stderr.log,102,
euroc_mav_MH_04_difficult_svo_stereo,euroc_mav,svo_stereo,ok,GT/euroc_mav/MH_04_difficult.txt,benchmark/euroc_mav/pose/svo_stereo/MH_04_difficult/svo_poses.txt,ok,ok,-1.155,-20.0,15.579074673385746,0.15228499340539395,13.85220966531681,6.687873480852751,99.02250296247352,51.71980757988107,0.9414593256128351,13.496860106322973,75.51869168681401,15425.0,1599.0,/home/yifu/vicon_ws/outputs/run_20260412_164514,/home/yifu/vicon_ws/outputs/alignanything_harness/run_20260412_164321/logs/vicon/euroc_mav_MH_04_difficult_svo_stereo.stdout.log,/home/yifu/vicon_ws/outputs/alignanything_harness/run_20260412_164321/logs/vicon/euroc_mav_MH_04_difficult_svo_stereo.stderr.log,92,
euroc_mav_MH_05_difficult_svo_stereo,euroc_mav,svo_stereo,ok,GT/euroc_mav/MH_05_difficult.txt,benchmark/euroc_mav/pose/svo_stereo/MH_05_difficult/svo_poses.txt,ok,ok,-1.485,-20.0,16.385095578420824,0.17059365627019868,14.683638854405276,6.960184194857643,98.9588485739695,52.59905079475564,0.9509990379209262,14.089225530411776,61.35863809217088,17317.0,1845.0,/home/yifu/vicon_ws/outputs/run_20260412_164519,/home/yifu/vicon_ws/outputs/alignanything_harness/run_20260412_164321/logs/vicon/euroc_mav_MH_05_difficult_svo_stereo.stdout.log,/home/yifu/vicon_ws/outputs/alignanything_harness/run_20260412_164321/logs/vicon/euroc_mav_MH_05_difficult_svo_stereo.stderr.log,92,
euroc_mav_V1_01_easy_svo_stereo,euroc_mav,svo_stereo,ok,GT/euroc_mav/V1_01_easy.txt,benchmark/euroc_mav/pose/svo_stereo/V1_01_easy/svo_poses.txt,ok,ok,-1.05,-15.199999999999996,4.010746775608459,0.0414065246778092,3.0571627282139064,2.2262800830118668,98.96761059734276,27.17822762699964,0.9853609445757333,13.079451346595116,72.98655694166187,2874.0,2608.0,/home/yifu/vicon_ws/outputs/run_20260412_164526,/home/yifu/vicon_ws/outputs/alignanything_harness/run_20260412_164321/logs/vicon/euroc_mav_V1_01_easy_svo_stereo.stdout.log,/home/yifu/vicon_ws/outputs/alignanything_harness/run_20260412_164321/logs/vicon/euroc_mav_V1_01_easy_svo_stereo.stderr.log,102,
euroc_mav_V1_02_medium_svo_stereo,euroc_mav,svo_stereo,ok,GT/euroc_mav/V1_02_medium.txt,benchmark/euroc_mav/pose/svo_stereo/V1_02_medium/svo_poses.txt,ok,ok,0.994,-12.449999999999992,3.4879878801587565,0.07717997244946477,2.1571118396999576,1.8730566484661593,97.7872637433898,13.168310794361831,0.9723822925277714,7.654044470349494,89.33031052606125,13362.0,1441.0,/home/yifu/vicon_ws/outputs/run_20260412_164529,/home/yifu/vicon_ws/outputs/alignanything_harness/run_20260412_164321/logs/vicon/euroc_mav_V1_02_medium_svo_stereo.stdout.log,/home/yifu/vicon_ws/outputs/alignanything_harness/run_20260412_164321/logs/vicon/euroc_mav_V1_02_medium_svo_stereo.stderr.log,102,
euroc_mav_V1_03_difficult_svo_stereo,euroc_mav,svo_stereo,ok,GT/euroc_mav/V1_03_difficult.txt,benchmark/euroc_mav/pose/svo_stereo/V1_03_difficult/svo_poses.txt,ok,ok,-0.904,-20.0,3.264818713327811,0.0852555926885587,2.3682390442842314,1.7764321900120865,97.38865768131328,24.989320892256494,0.9765895421716084,8.969266798778463,87.65806062885713,16605.0,1713.0,/home/yifu/vicon_ws/outputs/run_20260412_164534,/home/yifu/vicon_ws/outputs/alignanything_harness/run_20260412_164321/logs/vicon/euroc_mav_V1_03_difficult_svo_stereo.stdout.log,/home/yifu/vicon_ws/outputs/alignanything_harness/run_20260412_164321/logs/vicon/euroc_mav_V1_03_difficult_svo_stereo.stderr.log,92,
euroc_mav_V2_01_easy_svo_stereo,euroc_mav,svo_stereo,ok,GT/euroc_mav/V2_01_easy.txt,benchmark/euroc_mav/pose/svo_stereo/V2_01_easy/svo_poses.txt,ok,ok,-1.624,0.0,1.7565892087540527,0.05489060622811641,1.7568543225724609,0.052428974170479675,96.8751597723853,97.0157472080735,0.9548377345096957,11.07094705685439,-7.4510204117211805,17664.0,2208.0,/home/yifu/vicon_ws/outputs/run_20260412_164540,/home/yifu/vicon_ws/outputs/alignanything_harness/run_20260412_164321/logs/vicon/euroc_mav_V2_01_easy_svo_stereo.stdout.log,/home/yifu/vicon_ws/outputs/alignanything_harness/run_20260412_164321/logs/vicon/euroc_mav_V2_01_easy_svo_stereo.stderr.log,102,
euroc_mav_V2_02_medium_svo_stereo,euroc_mav,svo_stereo,ok,GT/euroc_mav/V2_02_medium.txt,benchmark/euroc_mav/pose/svo_stereo/V2_02_medium/svo_poses.txt,ok,ok,-1.6280000000000001,0.0,1.687224047985202,0.1569281857525806,1.687138303212893,0.15845418049045215,90.69903099467534,90.60810959068341,0.9599718041413398,11.943072497862817,85.33235350579317,18216.0,2277.0,/home/yifu/vicon_ws/outputs/run_20260412_164547,/home/yifu/vicon_ws/outputs/alignanything_harness/run_20260412_164321/logs/vicon/euroc_mav_V2_02_medium_svo_stereo.stdout.log,/home/yifu/vicon_ws/outputs/alignanything_harness/run_20260412_164321/logs/vicon/euroc_mav_V2_02_medium_svo_stereo.stderr.log,102,
euroc_mav_V2_03_difficult_svo_stereo,euroc_mav,svo_stereo,ok,GT/euroc_mav/V2_03_difficult.txt,benchmark/euroc_mav/pose/svo_stereo/V2_03_difficult/svo_poses.txt,ok,ok,-1.666,0.04999999999999982,1.6665737624167987,0.13423163236935032,1.6613348816692222,0.14046316878327467,91.94565308794897,91.54516224669524,0.9452971769666189,8.338091708847475,-7.067206860465751,14856.0,1856.0,/home/yifu/vicon_ws/outputs/run_20260412_164554,/home/yifu/vicon_ws/outputs/alignanything_harness/run_20260412_164321/logs/vicon/euroc_mav_V2_03_difficult_svo_stereo.stdout.log,/home/yifu/vicon_ws/outputs/alignanything_harness/run_20260412_164321/logs/vicon/euroc_mav_V2_03_difficult_svo_stereo.stderr.log,102,
grand_tour_2024-10-01-11-29-55_rovio,grand_tour,rovio,ok,GT/grand_tour/group1/2024-10-01-11-29-55.txt,benchmark/grand_tour/pose/rovio/2024-10-01-11-29-55/rovio_poses.txt,ok,ok,-0.056,20.0,94.81857892933841,7.571952110855114,94.31959921422916,12.375328711184268,92.01427378858013,86.87936673365532,0.8978515709443512,10.98017008284032,16.29928563449732,27760.0,3280.0,/home/yifu/vicon_ws/outputs/run_20260412_164600,/home/yifu/vicon_ws/outputs/alignanything_harness/run_20260412_164321/logs/vicon/grand_tour_2024-10-01-11-29-55_rovio.stdout.log,/home/yifu/vicon_ws/outputs/alignanything_harness/run_20260412_164321/logs/vicon/grand_tour_2024-10-01-11-29-55_rovio.stderr.log,92,
grand_tour_2024-10-01-12-00-49_rovio,grand_tour,rovio,ok,GT/grand_tour/group1/2024-10-01-12-00-49.txt,benchmark/grand_tour/pose/rovio/2024-10-01-12-00-49/rovio_poses.txt,ok,ok,-0.043000000000000003,10.350000000000005,15.83642674273786,6.5397301799818806,15.252035587612209,7.399230406378919,58.70450900180874,51.48693193196369,0.904471183027766,14.302236484082139,10.655382385745195,38088.0,4665.0,/home/yifu/vicon_ws/outputs/run_20260412_164626,/home/yifu/vicon_ws/outputs/alignanything_harness/run_20260412_164321/logs/vicon/grand_tour_2024-10-01-12-00-49_rovio.stdout.log,/home/yifu/vicon_ws/outputs/alignanything_harness/run_20260412_164321/logs/vicon/grand_tour_2024-10-01-12-00-49_rovio.stderr.log,102,
grand_tour_2024-11-02-17-10-25_rovio,grand_tour,rovio,ok,GT/grand_tour/group1/2024-11-02-17-10-25.txt,benchmark/grand_tour/pose/rovio/2024-11-02-17-10-25/rovio_poses.txt,ok,ok,65.74,0.4,13.458272531174462,9.277144210839761,8.135541044737144,1.7566889252681683,31.067347690049456,78.40722681369361,0.2291646420265911,2.938589675963272,-6706.030794514655,14320.0,1789.0,/home/yifu/vicon_ws/outputs/run_20260412_164716,/home/yifu/vicon_ws/outputs/alignanything_harness/run_20260412_164321/logs/vicon/grand_tour_2024-11-02-17-10-25_rovio.stdout.log,/home/yifu/vicon_ws/outputs/alignanything_harness/run_20260412_164321/logs/vicon/grand_tour_2024-11-02-17-10-25_rovio.stderr.log,102,
grand_tour_2024-11-02-17-43-10_rovio,grand_tour,rovio,ok,GT/grand_tour/group1/2024-11-02-17-43-10.txt,benchmark/grand_tour/pose/rovio/2024-11-02-17-43-10/rovio_poses.txt,ok,ok,-0.07200000000000001,-1.8500000000000023,11.033025458737683,2.820970020637655,11.04401575325962,2.9283373894781826,74.43158242325714,73.48484957915218,0.9860057144444712,9.112188440390693,33.297613520164354,18136.0,2249.0,/home/yifu/vicon_ws/outputs/run_20260412_164730,/home/yifu/vicon_ws/outputs/alignanything_harness/run_20260412_164321/logs/vicon/grand_tour_2024-11-02-17-43-10_rovio.stdout.log,/home/yifu/vicon_ws/outputs/alignanything_harness/run_20260412_164321/logs/vicon/grand_tour_2024-11-02-17-43-10_rovio.stderr.log,102,
grand_tour_2024-11-02-21-12-51_rovio,grand_tour,rovio,ok,GT/grand_tour/group1/2024-11-02-21-12-51.txt,benchmark/grand_tour/pose/rovio/2024-11-02-21-12-51/rovio_poses.txt,ok,ok,-0.088,19.950000000000006,37.470056104071034,11.8177080085836,37.232193661762075,12.884609124336434,68.46092790530858,65.39390281059441,0.9163917967328825,12.304319166016782,20.513630551424193,21176.0,2460.0,/home/yifu/vicon_ws/outputs/run_20260412_164744,/home/yifu/vicon_ws/outputs/alignanything_harness/run_20260412_164321/logs/vicon/grand_tour_2024-11-02-21-12-51_rovio.stdout.log,/home/yifu/vicon_ws/outputs/alignanything_harness/run_20260412_164321/logs/vicon/grand_tour_2024-11-02-21-12-51_rovio.stderr.log,92,
grand_tour_2024-11-03-07-52-45_rovio,grand_tour,rovio,ok,GT/grand_tour/group2/2024-11-03-07-52-45.txt,benchmark/grand_tour/pose/rovio/2024-11-03-07-52-45/rovio_poses.txt,ok,ok,-0.001,0.0,25.409616008510223,2.9720139982335745,25.382761591788956,3.0290988986673275,88.30358555108009,88.06631466117506,0.8657431290107626,6.256127547850213,0.004911493210082676,14781.0,1848.0,/home/yifu/vicon_ws/outputs/run_20260412_164800,/home/yifu/vicon_ws/outputs/alignanything_harness/run_20260412_164321/logs/vicon/grand_tour_2024-11-03-07-52-45_rovio.stdout.log,/home/yifu/vicon_ws/outputs/alignanything_harness/run_20260412_164321/logs/vicon/grand_tour_2024-11-03-07-52-45_rovio.stderr.log,102,
grand_tour_2024-11-03-08-17-23_rovio,grand_tour,rovio,ok,GT/grand_tour/group2/2024-11-03-08-17-23.txt,benchmark/grand_tour/pose/rovio/2024-11-03-08-17-23/rovio_poses.txt,ok,ok,-0.09,4.299999999999997,48.63683567551872,33.472891704537105,48.77882905002796,33.56423619032608,31.177899960737065,31.19097599513379,0.8823436681587973,14.588532311534879,29.336581532474664,18528.0,2316.0,/home/yifu/vicon_ws/outputs/run_20260412_164810,/home/yifu/vicon_ws/outputs/alignanything_harness/run_20260412_164321/logs/vicon/grand_tour_2024-11-03-08-17-23_rovio.stdout.log,/home/yifu/vicon_ws/outputs/alignanything_harness/run_20260412_164321/logs/vicon/grand_tour_2024-11-03-08-17-23_rovio.stderr.log,102,
grand_tour_2024-11-03-13-59-54_rovio,grand_tour,rovio,ok,GT/grand_tour/group2/2024-11-03-13-59-54.txt,benchmark/grand_tour/pose/rovio/2024-11-03-13-59-54/rovio_poses.txt,ok,ok,-0.068,-9.149999999999995,14.75164699927474,6.954959315191493,13.963581586359624,8.055278153305732,52.85299793620361,42.31223484113143,0.8962064503950524,12.00580459811773,22.82459216294489,28912.0,3523.0,/home/yifu/vicon_ws/outputs/run_20260412_164824,/home/yifu/vicon_ws/outputs/alignanything_harness/run_20260412_164321/logs/vicon/grand_tour_2024-11-03-13-59-54_rovio.stdout.log,/home/yifu/vicon_ws/outputs/alignanything_harness/run_20260412_164321/logs/vicon/grand_tour_2024-11-03-13-59-54_rovio.stderr.log,102,
grand_tour_2024-11-04-10-57-34_rovio,grand_tour,rovio,ok,GT/grand_tour/group2/2024-11-04-10-57-34.txt,benchmark/grand_tour/pose/rovio/2024-11-04-10-57-34/rovio_poses.txt,ok,ok,-0.053,2.0,20.77240382601952,10.65934197922,20.7428396228507,10.709156070431316,48.68508205165648,48.37179351936756,0.9458697651557514,16.6455863607865,14.201339176596809,37512.0,4680.0,/home/yifu/vicon_ws/outputs/run_20260412_164855,/home/yifu/vicon_ws/outputs/alignanything_harness/run_20260412_164321/logs/vicon/grand_tour_2024-11-04-10-57-34_rovio.stdout.log,/home/yifu/vicon_ws/outputs/alignanything_harness/run_20260412_164321/logs/vicon/grand_tour_2024-11-04-10-57-34_rovio.stderr.log,102,
grand_tour_2024-11-04-12-55-59_rovio,grand_tour,rovio,ok,GT/grand_tour/group2/2024-11-04-12-55-59.txt,benchmark/grand_tour/pose/rovio/2024-11-04-12-55-59/rovio_poses.txt,ok,ok,-0.466,-0.4499999999999995,50.915318933470665,13.507927145806415,50.90561044950687,13.652018353544385,73.46981727943705,73.18170191262806,0.8800015593783258,10.957112562431972,43.98270468369236,41640.0,5205.0,/home/yifu/vicon_ws/outputs/run_20260412_164945,/home/yifu/vicon_ws/outputs/alignanything_harness/run_20260412_164321/logs/vicon/grand_tour_2024-11-04-12-55-59_rovio.stdout.log,/home/yifu/vicon_ws/outputs/alignanything_harness/run_20260412_164321/logs/vicon/grand_tour_2024-11-04-12-55-59_rovio.stderr.log,102,
grand_tour_2024-11-04-13-07-13_rovio,grand_tour,rovio,ok,GT/grand_tour/group3/2024-11-04-13-07-13.txt,benchmark/grand_tour/pose/rovio/2024-11-04-13-07-13/rovio_poses.txt,ok,ok,-0.065,18.400000000000006,24.687437647831224,3.601815101162265,24.399099257973795,4.542383743419975,85.41033236197546,81.38298592339918,0.869736888670156,11.738293599466598,22.491026873697493,6552.0,636.0,/home/yifu/vicon_ws/outputs/run_20260412_165044,/home/yifu/vicon_ws/outputs/alignanything_harness/run_20260412_164321/logs/vicon/grand_tour_2024-11-04-13-07-13_rovio.stdout.log,/home/yifu/vicon_ws/outputs/alignanything_harness/run_20260412_164321/logs/vicon/grand_tour_2024-11-04-13-07-13_rovio.stderr.log,102,
grand_tour_2024-11-04-16-05-00_rovio,grand_tour,rovio,ok,GT/grand_tour/group3/2024-11-04-16-05-00.txt,benchmark/grand_tour/pose/rovio/2024-11-04-16-05-00/rovio_poses.txt,ok,ok,-0.044,20.0,28.188072933414126,9.322213618223635,25.820531323055782,11.94487961428709,66.92851746110762,53.73883106881788,0.9286471878524738,12.403564213387462,11.039956582690499,16480.0,1860.0,/home/yifu/vicon_ws/outputs/run_20260412_165052,/home/yifu/vicon_ws/outputs/alignanything_harness/run_20260412_164321/logs/vicon/grand_tour_2024-11-04-16-05-00_rovio.stdout.log,/home/yifu/vicon_ws/outputs/alignanything_harness/run_20260412_164321/logs/vicon/grand_tour_2024-11-04-16-05-00_rovio.stderr.log,92,
grand_tour_2024-11-11-12-07-40_rovio,grand_tour,rovio,ok,GT/grand_tour/group3/2024-11-11-12-07-40.txt,benchmark/grand_tour/pose/rovio/2024-11-11-12-07-40/rovio_poses.txt,ok,ok,-0.019,20.0,294733.8530043695,231646.54906516089,291704.65996402723,231366.8216519341,21.404838058515562,20.684564421951283,0.7778328848568071,21.792224122923084,1.9089854477414674,76744.0,9401.0,/home/yifu/vicon_ws/outputs/run_20260412_165109,/home/yifu/vicon_ws/outputs/alignanything_harness/run_20260412_164321/logs/vicon/grand_tour_2024-11-11-12-07-40_rovio.stdout.log,/home/yifu/vicon_ws/outputs/alignanything_harness/run_20260412_164321/logs/vicon/grand_tour_2024-11-11-12-07-40_rovio.stderr.log,92,
grand_tour_2024-11-11-12-42-47_rovio,grand_tour,rovio,ok,GT/grand_tour/group3/2024-11-11-12-42-47.txt,benchmark/grand_tour/pose/rovio/2024-11-11-12-42-47/rovio_poses.txt,ok,ok,-0.095,19.950000000000006,11656.853585981758,9670.31299380982,9704.049988149263,8149.41068905296,17.041825030391593,16.020520308477927,0.8482445832998015,19.734295845323246,28.403215245843004,32792.0,3920.0,/home/yifu/vicon_ws/outputs/run_20260412_165412,/home/yifu/vicon_ws/outputs/alignanything_harness/run_20260412_164321/logs/vicon/grand_tour_2024-11-11-12-42-47_rovio.stdout.log,/home/yifu/vicon_ws/outputs/alignanything_harness/run_20260412_164321/logs/vicon/grand_tour_2024-11-11-12-42-47_rovio.stderr.log,92,
grand_tour_2024-11-11-14-29-44_rovio,grand_tour,rovio,ok,GT/grand_tour/group3/2024-11-11-14-29-44.txt,benchmark/grand_tour/pose/rovio/2024-11-11-14-29-44/rovio_poses.txt,ok,ok,-0.043000000000000003,0.75,79.90447002883343,8.89766353654053,79.97437082141452,9.004367523624817,88.86462355193558,88.74093358767053,0.8555690814504482,15.54387546320418,12.427612819590529,28256.0,3532.0,/home/yifu/vicon_ws/outputs/run_20260412_165449,/home/yifu/vicon_ws/outputs/alignanything_harness/run_20260412_164321/logs/vicon/grand_tour_2024-11-11-14-29-44_rovio.stdout.log,/home/yifu/vicon_ws/outputs/alignanything_harness/run_20260412_164321/logs/vicon/grand_tour_2024-11-11-14-29-44_rovio.stderr.log,102,
grand_tour_2024-11-14-11-17-02_rovio,grand_tour,rovio,ok,GT/grand_tour/group4/2024-11-14-11-17-02.txt,benchmark/grand_tour/pose/rovio/2024-11-14-11-17-02/rovio_poses.txt,ok,ok,0.871,18.20000000000001,84.1112788630024,17.071303737065463,83.98649157128163,20.977088059475175,79.70390657729575,75.02325949444847,0.9131113048384102,17.118066495412123,59.47574903346036,42272.0,5116.0,/home/yifu/vicon_ws/outputs/run_20260412_165519,/home/yifu/vicon_ws/outputs/alignanything_harness/run_20260412_164321/logs/vicon/grand_tour_2024-11-14-11-17-02_rovio.stdout.log,/home/yifu/vicon_ws/outputs/alignanything_harness/run_20260412_164321/logs/vicon/grand_tour_2024-11-14-11-17-02_rovio.stderr.log,102,
grand_tour_2024-11-14-12-01-26_rovio,grand_tour,rovio,ok,GT/grand_tour/group4/2024-11-14-12-01-26.txt,benchmark/grand_tour/pose/rovio/2024-11-14-12-01-26/rovio_poses.txt,ok,ok,-0.047,19.10000000000001,20.95532778755131,9.155814665703145,20.039142871789654,9.850663380695499,56.30793868496394,50.84289061802439,0.9559104643852339,15.251062208125996,15.693934594336293,36704.0,4399.0,/home/yifu/vicon_ws/outputs/run_20260412_165620,/home/yifu/vicon_ws/outputs/alignanything_harness/run_20260412_164321/logs/vicon/grand_tour_2024-11-14-12-01-26_rovio.stdout.log,/home/yifu/vicon_ws/outputs/alignanything_harness/run_20260412_164321/logs/vicon/grand_tour_2024-11-14-12-01-26_rovio.stderr.log,102,
grand_tour_2024-11-14-14-36-02_rovio,grand_tour,rovio,ok,GT/grand_tour/group4/2024-11-14-14-36-02.txt,benchmark/grand_tour/pose/rovio/2024-11-14-14-36-02/rovio_poses.txt,ok,ok,-0.07200000000000001,-0.0500000000000001,30.132163011838074,9.13673395277653,30.16801677881247,9.136823347002155,69.6778025885906,69.71354327335231,0.8292924813095093,13.964513570431157,27.074892622057906,38296.0,4787.0,/home/yifu/vicon_ws/outputs/run_20260412_165707,/home/yifu/vicon_ws/outputs/alignanything_harness/run_20260412_164321/logs/vicon/grand_tour_2024-11-14-14-36-02_rovio.stdout.log,/home/yifu/vicon_ws/outputs/alignanything_harness/run_20260412_164321/logs/vicon/grand_tour_2024-11-14-14-36-02_rovio.stderr.log,102,
grand_tour_2024-11-14-15-22-43_rovio,grand_tour,rovio,ok,GT/grand_tour/group4/2024-11-14-15-22-43.txt,benchmark/grand_tour/pose/rovio/2024-11-14-15-22-43/rovio_poses.txt,ok,ok,-0.088,-0.10000000000000009,64.21397074382341,6.132015271379074,64.29391176495326,6.126666689670863,90.4506524042203,90.47084471688434,0.9206144690309025,14.127238268175232,29.52063059206637,31760.0,3970.0,/home/yifu/vicon_ws/outputs/run_20260412_165758,/home/yifu/vicon_ws/outputs/alignanything_harness/run_20260412_164321/logs/vicon/grand_tour_2024-11-14-15-22-43_rovio.stdout.log,/home/yifu/vicon_ws/outputs/alignanything_harness/run_20260412_164321/logs/vicon/grand_tour_2024-11-14-15-22-43_rovio.stderr.log,102,
grand_tour_2024-11-14-16-04-09_rovio,grand_tour,rovio,ok,GT/grand_tour/group4/2024-11-14-16-04-09.txt,benchmark/grand_tour/pose/rovio/2024-11-14-16-04-09/rovio_poses.txt,ok,ok,-0.028,-0.0500000000000001,82.73121964810815,15.95156164932826,82.76213443451182,15.93980533268707,80.71881241787806,80.74021961661614,0.8888864063462113,18.0521132551178,5.5806932286645425,39088.0,4886.0,/home/yifu/vicon_ws/outputs/run_20260412_165833,/home/yifu/vicon_ws/outputs/alignanything_harness/run_20260412_164321/logs/vicon/grand_tour_2024-11-14-16-04-09_rovio.stdout.log,/home/yifu/vicon_ws/outputs/alignanything_harness/run_20260412_164321/logs/vicon/grand_tour_2024-11-14-16-04-09_rovio.stderr.log,102,
grand_tour_2024-11-15-10-16-35_rovio,grand_tour,rovio,ok,GT/grand_tour/group5/2024-11-15-10-16-35.txt,benchmark/grand_tour/pose/rovio/2024-11-15-10-16-35/rovio_poses.txt,ok,ok,0.008,1.4000000000000008,37.01836301849816,9.80253567687477,37.08201273244799,9.810949046442946,73.51980239651019,73.5425659949176,0.9196218311816463,14.53836310048809,0.5080846238015536,38083.0,4761.0,/home/yifu/vicon_ws/outputs/run_20260412_165926,/home/yifu/vicon_ws/outputs/alignanything_harness/run_20260412_164321/logs/vicon/grand_tour_2024-11-15-10-16-35_rovio.stdout.log,/home/yifu/vicon_ws/outputs/alignanything_harness/run_20260412_164321/logs/vicon/grand_tour_2024-11-15-10-16-35_rovio.stderr.log,102,
grand_tour_2024-11-15-11-18-14_rovio,grand_tour,rovio,ok,GT/grand_tour/group5/2024-11-15-11-18-14.txt,benchmark/grand_tour/pose/rovio/2024-11-15-11-18-14/rovio_poses.txt,ok,ok,-0.07100000000000001,20.0,40.53104357884044,15.450784694654253,40.20790758913055,14.57317946715499,61.87913428727732,63.755439312899696,0.933175387134047,14.235452339881371,27.620373369181983,23632.0,2760.0,/home/yifu/vicon_ws/outputs/run_20260412_170017,/home/yifu/vicon_ws/outputs/alignanything_harness/run_20260412_164321/logs/vicon/grand_tour_2024-11-15-11-18-14_rovio.stdout.log,/home/yifu/vicon_ws/outputs/alignanything_harness/run_20260412_164321/logs/vicon/grand_tour_2024-11-15-11-18-14_rovio.stderr.log,92,
grand_tour_2024-11-15-11-37-15_rovio,grand_tour,rovio,ok,GT/grand_tour/group5/2024-11-15-11-37-15.txt,benchmark/grand_tour/pose/rovio/2024-11-15-11-37-15/rovio_poses.txt,ok,ok,-0.068,-0.0500000000000001,24.62053903057676,10.5400570150149,24.6183393982654,10.522065067900698,57.18998271351592,57.25924117918916,0.892166836082865,12.726581655476155,25.948442680221657,41728.0,5216.0,/home/yifu/vicon_ws/outputs/run_20260412_170037,/home/yifu/vicon_ws/outputs/alignanything_harness/run_20260412_164321/logs/vicon/grand_tour_2024-11-15-11-37-15_rovio.stdout.log,/home/yifu/vicon_ws/outputs/alignanything_harness/run_20260412_164321/logs/vicon/grand_tour_2024-11-15-11-37-15_rovio.stderr.log,102,
grand_tour_2024-11-15-12-06-03_rovio,grand_tour,rovio,ok,GT/grand_tour/group5/2024-11-15-12-06-03.txt,benchmark/grand_tour/pose/rovio/2024-11-15-12-06-03/rovio_poses.txt,ok,ok,-0.007,-3.6000000000000014,3.260165056895359,2.2985369605810635,3.082408461094016,2.454769078598414,29.49630093973692,20.361979614883186,0.9444542869734248,9.036647368733863,0.5908803601834577,17798.0,2189.0,/home/yifu/vicon_ws/outputs/run_20260412_170137,/home/yifu/vicon_ws/outputs/alignanything_harness/run_20260412_164321/logs/vicon/grand_tour_2024-11-15-12-06-03_rovio.stdout.log,/home/yifu/vicon_ws/outputs/alignanything_harness/run_20260412_164321/logs/vicon/grand_tour_2024-11-15-12-06-03_rovio.stderr.log,102,
grand_tour_2024-11-15-14-14-12_rovio,grand_tour,rovio,ok,GT/grand_tour/group5/2024-11-15-14-14-12.txt,benchmark/grand_tour/pose/rovio/2024-11-15-14-14-12/rovio_poses.txt,ok,ok,-0.091,20.0,29570.10224584945,21652.838951708814,27804.104041483002,20538.060507059345,26.774555016129263,26.1329893010863,0.8745689795889552,13.348934649353417,31.135540085701635,43320.0,5220.0,/home/yifu/vicon_ws/outputs/run_20260412_170150,/home/yifu/vicon_ws/outputs/alignanything_harness/run_20260412_164321/logs/vicon/grand_tour_2024-11-15-14-14-12_rovio.stdout.log,/home/yifu/vicon_ws/outputs/alignanything_harness/run_20260412_164321/logs/vicon/grand_tour_2024-11-15-14-14-12_rovio.stderr.log,92,
grand_tour_2024-11-15-14-43-52_rovio,grand_tour,rovio,ok,GT/grand_tour/group6/2024-11-15-14-43-52.txt,benchmark/grand_tour/pose/rovio/2024-11-15-14-43-52/rovio_poses.txt,ok,ok,-0.053,-0.0500000000000001,61.81622332261925,3.239633071165372,61.80343524358229,3.2295689466215376,94.75925105573232,94.77445075036043,0.9210051834370286,14.377300977369952,17.972429774349035,19896.0,2487.0,/home/yifu/vicon_ws/outputs/run_20260412_170248,/home/yifu/vicon_ws/outputs/alignanything_harness/run_20260412_164321/logs/vicon/grand_tour_2024-11-15-14-43-52_rovio.stdout.log,/home/yifu/vicon_ws/outputs/alignanything_harness/run_20260412_164321/logs/vicon/grand_tour_2024-11-15-14-43-52_rovio.stderr.log,102,
grand_tour_2024-11-15-16-41-14_rovio,grand_tour,rovio,ok,GT/grand_tour/group6/2024-11-15-16-41-14.txt,benchmark/grand_tour/pose/rovio/2024-11-15-16-41-14/rovio_poses.txt,ok,ok,-0.067,0.55,42.403839049149475,11.094615244429983,42.41490072578049,11.108672316220023,73.83582361122735,73.80950532446083,0.9513397189605206,16.23930473408422,19.264179926743644,43400.0,5425.0,/home/yifu/vicon_ws/outputs/run_20260412_170304,/home/yifu/vicon_ws/outputs/alignanything_harness/run_20260412_164321/logs/vicon/grand_tour_2024-11-15-16-41-14_rovio.stdout.log,/home/yifu/vicon_ws/outputs/alignanything_harness/run_20260412_164321/logs/vicon/grand_tour_2024-11-15-16-41-14_rovio.stderr.log,102,
grand_tour_2024-11-18-12-05-01_rovio,grand_tour,rovio,ok,GT/grand_tour/group6/2024-11-18-12-05-01.txt,benchmark/grand_tour/pose/rovio/2024-11-18-12-05-01/rovio_poses.txt,ok,ok,-0.011,1.0,73.727954629313,9.308138761489062,73.75827090322875,9.435982469179951,87.37502103742185,87.20688221994672,0.916901267407125,17.893474648025983,1.1445776057793702,35687.0,4461.0,/home/yifu/vicon_ws/outputs/run_20260412_170409,/home/yifu/vicon_ws/outputs/alignanything_harness/run_20260412_164321/logs/vicon/grand_tour_2024-11-18-12-05-01_rovio.stdout.log,/home/yifu/vicon_ws/outputs/alignanything_harness/run_20260412_164321/logs/vicon/grand_tour_2024-11-18-12-05-01_rovio.stderr.log,102,
grand_tour_2024-11-18-15-46-05_rovio,grand_tour,rovio,ok,GT/grand_tour/group6/2024-11-18-15-46-05.txt,benchmark/grand_tour/pose/rovio/2024-11-18-15-46-05/rovio_poses.txt,ok,ok,-0.027,0.0,6.172606855779372,3.9272483808171654,6.169872632843127,3.9249562156358606,36.37617828939693,36.38513387224376,0.9537794813953246,12.995744502894157,5.117532402201531,32824.0,4103.0,/home/yifu/vicon_ws/outputs/run_20260412_170453,/home/yifu/vicon_ws/outputs/alignanything_harness/run_20260412_164321/logs/vicon/grand_tour_2024-11-18-15-46-05_rovio.stdout.log,/home/yifu/vicon_ws/outputs/alignanything_harness/run_20260412_164321/logs/vicon/grand_tour_2024-11-18-15-46-05_rovio.stderr.log,102,
grand_tour_2024-11-18-16-59-23_rovio,grand_tour,rovio,ok,GT/grand_tour/group6/2024-11-18-16-59-23.txt,benchmark/grand_tour/pose/rovio/2024-11-18-16-59-23/rovio_poses.txt,ok,ok,-0.09,20.0,28.781825820757373,5.794985179848921,26.479526311536812,8.763884872256929,79.86581804803227,66.90316598133677,0.9465279664451139,9.442476725190357,30.413754120899938,32336.0,3850.0,/home/yifu/vicon_ws/outputs/run_20260412_170531,/home/yifu/vicon_ws/outputs/alignanything_harness/run_20260412_164321/logs/vicon/grand_tour_2024-11-18-16-59-23_rovio.stdout.log,/home/yifu/vicon_ws/outputs/alignanything_harness/run_20260412_164321/logs/vicon/grand_tour_2024-11-18-16-59-23_rovio.stderr.log,92,
grand_tour_2024-11-25-14-57-08_rovio,grand_tour,rovio,ok,GT/grand_tour/group7/2024-11-25-14-57-08.txt,benchmark/grand_tour/pose/rovio/2024-11-25-14-57-08/rovio_poses.txt,ok,ok,-0.015,-0.20000000000000007,6.514881312492658,3.339267960729008,6.519184090251613,3.343251637125503,48.74399393391469,48.71671683385529,0.970903312526807,9.929587389344361,1.9830565343368114,25903.0,3236.0,/home/yifu/vicon_ws/outputs/run_20260412_170605,/home/yifu/vicon_ws/outputs/alignanything_harness/run_20260412_164321/logs/vicon/grand_tour_2024-11-25-14-57-08_rovio.stdout.log,/home/yifu/vicon_ws/outputs/alignanything_harness/run_20260412_164321/logs/vicon/grand_tour_2024-11-25-14-57-08_rovio.stderr.log,102,
grand_tour_2024-11-25-16-36-19_rovio,grand_tour,rovio,ok,GT/grand_tour/group7/2024-11-25-16-36-19.txt,benchmark/grand_tour/pose/rovio/2024-11-25-16-36-19/rovio_poses.txt,ok,ok,-0.008,0.0,29.788925411643575,7.861524980915295,29.80186342536787,7.867426396148325,73.60923607589012,73.60089104544997,0.9480710007334056,15.770447944964273,0.39943203138413963,34830.0,4354.0,/home/yifu/vicon_ws/outputs/run_20260412_170629,/home/yifu/vicon_ws/outputs/alignanything_harness/run_20260412_164321/logs/vicon/grand_tour_2024-11-25-16-36-19_rovio.stdout.log,/home/yifu/vicon_ws/outputs/alignanything_harness/run_20260412_164321/logs/vicon/grand_tour_2024-11-25-16-36-19_rovio.stderr.log,102,
grand_tour_2024-12-03-13-15-38_rovio,grand_tour,rovio,ok,GT/grand_tour/group7/2024-12-03-13-15-38.txt,benchmark/grand_tour/pose/rovio/2024-12-03-13-15-38/rovio_poses.txt,ok,ok,-0.059000000000000004,-2.2500000000000027,42.91803020997198,16.386761734210317,42.93482721792232,15.959092246031076,61.818467310730675,62.82949465470333,0.92352002974747,13.945835604177704,17.810829816458753,41216.0,5130.0,/home/yifu/vicon_ws/outputs/run_20260412_170712,/home/yifu/vicon_ws/outputs/alignanything_harness/run_20260412_164321/logs/vicon/grand_tour_2024-12-03-13-15-38_rovio.stdout.log,/home/yifu/vicon_ws/outputs/alignanything_harness/run_20260412_164321/logs/vicon/grand_tour_2024-12-03-13-15-38_rovio.stderr.log,102,
grand_tour_2024-12-03-13-26-40_rovio,grand_tour,rovio,ok,GT/grand_tour/group7/2024-12-03-13-26-40.txt,benchmark/grand_tour/pose/rovio/2024-12-03-13-26-40/rovio_poses.txt,ok,ok,-0.048,-11.74999999999999,24.46279612715773,5.873090900093983,23.926367411580692,7.648436151969087,75.99174325957512,68.03344184931383,0.9393129594298351,12.775281818771509,17.46903533118198,22760.0,2728.0,/home/yifu/vicon_ws/outputs/run_20260412_170811,/home/yifu/vicon_ws/outputs/alignanything_harness/run_20260412_164321/logs/vicon/grand_tour_2024-12-03-13-26-40_rovio.stdout.log,/home/yifu/vicon_ws/outputs/alignanything_harness/run_20260412_164321/logs/vicon/grand_tour_2024-12-03-13-26-40_rovio.stderr.log,102,
grand_tour_2024-10-01-11-29-55_svo_stereo,grand_tour,svo_stereo,ok,GT/grand_tour/group1/2024-10-01-11-29-55.txt,benchmark/grand_tour/pose/svo_stereo/2024-10-01-11-29-55/svo_poses.txt,ok,ok,-1.954,20.0,97.35322522457903,0.8087721051773351,96.61788942351492,10.453504450792545,99.16923953642767,89.18057047906362,0.8934778124525381,10.870000386704517,49.156818389745126,27608.0,3260.0,/home/yifu/vicon_ws/outputs/run_20260412_170830,/home/yifu/vicon_ws/outputs/alignanything_harness/run_20260412_164321/logs/vicon/grand_tour_2024-10-01-11-29-55_svo_stereo.stdout.log,/home/yifu/vicon_ws/outputs/alignanything_harness/run_20260412_164321/logs/vicon/grand_tour_2024-10-01-11-29-55_svo_stereo.stderr.log,92,
grand_tour_2024-10-01-12-00-49_svo_stereo,grand_tour,svo_stereo,ok,GT/grand_tour/group1/2024-10-01-12-00-49.txt,benchmark/grand_tour/pose/svo_stereo/2024-10-01-12-00-49/svo_poses.txt,ok,ok,-0.14300000000000002,-0.15000000000000008,155.9055935461316,36.64425732683373,155.87853024561005,36.65330490455584,76.49586747123884,76.48598248469253,0.8667783234483053,13.752599534930853,31.84086808963289,38088.0,4761.0,/home/yifu/vicon_ws/outputs/run_20260412_170856,/home/yifu/vicon_ws/outputs/alignanything_harness/run_20260412_164321/logs/vicon/grand_tour_2024-10-01-12-00-49_svo_stereo.stdout.log,/home/yifu/vicon_ws/outputs/alignanything_harness/run_20260412_164321/logs/vicon/grand_tour_2024-10-01-12-00-49_svo_stereo.stderr.log,102,
grand_tour_2024-11-02-17-10-25_svo_stereo,grand_tour,svo_stereo,ok,GT/grand_tour/group1/2024-11-02-17-10-25.txt,benchmark/grand_tour/pose/svo_stereo/2024-11-02-17-10-25/svo_poses.txt,ok,ok,65.045,-1.3499999999999994,16.59662813284401,13.325018238174458,7.470761121242113,0.45037175398797247,19.712497433108002,93.97154123013866,0.22888536909265697,2.8690881941988127,-1051.590404943747,14320.0,1772.0,/home/yifu/vicon_ws/outputs/run_20260412_170946,/home/yifu/vicon_ws/outputs/alignanything_harness/run_20260412_164321/logs/vicon/grand_tour_2024-11-02-17-10-25_svo_stereo.stdout.log,/home/yifu/vicon_ws/outputs/alignanything_harness/run_20260412_164321/logs/vicon/grand_tour_2024-11-02-17-10-25_svo_stereo.stderr.log,102,
grand_tour_2024-11-02-17-43-10_svo_stereo,grand_tour,svo_stereo,ok,GT/grand_tour/group1/2024-11-02-17-43-10.txt,benchmark/grand_tour/pose/svo_stereo/2024-11-02-17-43-10/svo_poses.txt,ok,ok,-1.871,-17.649999999999995,16.28307324296278,0.7448819555392541,16.07022543103609,5.677688554267631,95.42542157475015,64.66951519358854,0.9780794989384722,9.075058223357845,-159.14649328729394,18000.0,2092.0,/home/yifu/vicon_ws/outputs/run_20260412_171000,/home/yifu/vicon_ws/outputs/alignanything_harness/run_20260412_164321/logs/vicon/grand_tour_2024-11-02-17-43-10_svo_stereo.stdout.log,/home/yifu/vicon_ws/outputs/alignanything_harness/run_20260412_164321/logs/vicon/grand_tour_2024-11-02-17-43-10_svo_stereo.stderr.log,102,
grand_tour_2024-11-02-21-12-51_svo_stereo,grand_tour,svo_stereo,ok,GT/grand_tour/group1/2024-11-02-21-12-51.txt,benchmark/grand_tour/pose/svo_stereo/2024-11-02-21-12-51/svo_poses.txt,ok,ok,-1.588,-1.2499999999999993,6.793066360528382,3.5566838261251785,6.789684572047528,3.6344730004834904,47.64243954995006,46.47066499308779,0.9281785761777472,12.338472732837989,59.971297352850996,21064.0,2633.0,/home/yifu/vicon_ws/outputs/run_20260412_171014,/home/yifu/vicon_ws/outputs/alignanything_harness/run_20260412_164321/logs/vicon/grand_tour_2024-11-02-21-12-51_svo_stereo.stdout.log,/home/yifu/vicon_ws/outputs/alignanything_harness/run_20260412_164321/logs/vicon/grand_tour_2024-11-02-21-12-51_svo_stereo.stderr.log,102,
grand_tour_2024-11-03-07-52-45_svo_stereo,grand_tour,svo_stereo,ok,GT/grand_tour/group2/2024-11-03-07-52-45.txt,benchmark/grand_tour/pose/svo_stereo/2024-11-03-07-52-45/svo_poses.txt,ok,ok,-1.999,0.8500000000000003,2.5419556724296632,0.15472756931232834,2.541753814877202,0.2853192213814473,93.91305005860409,88.77471060681306,0.9351296995820505,6.560383902757961,-67.5137031535791,14632.0,1829.0,/home/yifu/vicon_ws/outputs/run_20260412_171030,/home/yifu/vicon_ws/outputs/alignanything_harness/run_20260412_164321/logs/vicon/grand_tour_2024-11-03-07-52-45_svo_stereo.stdout.log,/home/yifu/vicon_ws/outputs/alignanything_harness/run_20260412_164321/logs/vicon/grand_tour_2024-11-03-07-52-45_svo_stereo.stderr.log,102,
grand_tour_2024-11-03-08-17-23_svo_stereo,grand_tour,svo_stereo,ok,GT/grand_tour/group2/2024-11-03-08-17-23.txt,benchmark/grand_tour/pose/svo_stereo/2024-11-03-08-17-23/svo_poses.txt,ok,ok,-1.688,-15.099999999999994,15.921441899203518,1.3345517569525895,14.046308779991504,6.810905731664256,91.61789638524971,51.51106359439657,0.8848405481451825,14.61646753694972,56.55243437884009,18408.0,2167.0,/home/yifu/vicon_ws/outputs/run_20260412_171040,/home/yifu/vicon_ws/outputs/alignanything_harness/run_20260412_164321/logs/vicon/grand_tour_2024-11-03-08-17-23_svo_stereo.stdout.log,/home/yifu/vicon_ws/outputs/alignanything_harness/run_20260412_164321/logs/vicon/grand_tour_2024-11-03-08-17-23_svo_stereo.stderr.log,102,
grand_tour_2024-11-03-13-59-54_svo_stereo,grand_tour,svo_stereo,ok,GT/grand_tour/group2/2024-11-03-13-59-54.txt,benchmark/grand_tour/pose/svo_stereo/2024-11-03-13-59-54/svo_poses.txt,ok,ok,-0.964,-1.5499999999999996,4.226366482115913,0.2999483441762556,4.1299689181150585,0.9045974375042176,92.90292629741336,78.09674950488824,0.8971422983931246,11.91598579197055,54.84555554346061,28848.0,3600.0,/home/yifu/vicon_ws/outputs/run_20260412_171055,/home/yifu/vicon_ws/outputs/alignanything_harness/run_20260412_164321/logs/vicon/grand_tour_2024-11-03-13-59-54_svo_stereo.stdout.log,/home/yifu/vicon_ws/outputs/alignanything_harness/run_20260412_164321/logs/vicon/grand_tour_2024-11-03-13-59-54_svo_stereo.stderr.log,102,
grand_tour_2024-11-04-10-57-34_svo_stereo,grand_tour,svo_stereo,ok,GT/grand_tour/group2/2024-11-04-10-57-34.txt,benchmark/grand_tour/pose/svo_stereo/2024-11-04-10-57-34/svo_poses.txt,ok,ok,-0.35000000000000003,0.4,5.362987461677178,0.4014437019568975,5.361784372195983,0.4869272873368761,92.51455080164818,90.91855894349668,0.9465182178305735,16.656987316286646,51.393065553233306,37488.0,4686.0,/home/yifu/vicon_ws/outputs/run_20260412_171125,/home/yifu/vicon_ws/outputs/alignanything_harness/run_20260412_164321/logs/vicon/grand_tour_2024-11-04-10-57-34_svo_stereo.stdout.log,/home/yifu/vicon_ws/outputs/alignanything_harness/run_20260412_164321/logs/vicon/grand_tour_2024-11-04-10-57-34_svo_stereo.stderr.log,102,
grand_tour_2024-11-04-12-55-59_svo_stereo,grand_tour,svo_stereo,ok,GT/grand_tour/group2/2024-11-04-12-55-59.txt,benchmark/grand_tour/pose/svo_stereo/2024-11-04-12-55-59/svo_poses.txt,ok,ok,-0.463,-0.4499999999999995,69.82269440437409,1.2026059753871594,69.847023814015,1.2050739301976827,98.27762880586745,98.27469537799138,0.8831990152629142,10.931642614770189,44.530213072047935,41559.0,5195.0,/home/yifu/vicon_ws/outputs/run_20260412_171214,/home/yifu/vicon_ws/outputs/alignanything_harness/run_20260412_164321/logs/vicon/grand_tour_2024-11-04-12-55-59_svo_stereo.stdout.log,/home/yifu/vicon_ws/outputs/alignanything_harness/run_20260412_164321/logs/vicon/grand_tour_2024-11-04-12-55-59_svo_stereo.stderr.log,102,
grand_tour_2024-11-04-13-07-13_svo_stereo,grand_tour,svo_stereo,ok,GT/grand_tour/group3/2024-11-04-13-07-13.txt,benchmark/grand_tour/pose/svo_stereo/2024-11-04-13-07-13/svo_poses.txt,ok,ok,-1.164,20.0,30.462519426215703,0.5545233567249068,29.26933252683733,4.699296523824931,98.1796536623669,83.94464062507426,0.8604765603530407,11.692805767775651,57.6908701463782,6440.0,608.0,/home/yifu/vicon_ws/outputs/run_20260412_171314,/home/yifu/vicon_ws/outputs/alignanything_harness/run_20260412_164321/logs/vicon/grand_tour_2024-11-04-13-07-13_svo_stereo.stdout.log,/home/yifu/vicon_ws/outputs/alignanything_harness/run_20260412_164321/logs/vicon/grand_tour_2024-11-04-13-07-13_svo_stereo.stderr.log,92,
grand_tour_2024-11-04-16-05-00_svo_stereo,grand_tour,svo_stereo,ok,GT/grand_tour/group3/2024-11-04-16-05-00.txt,benchmark/grand_tour/pose/svo_stereo/2024-11-04-16-05-00/svo_poses.txt,ok,ok,-0.441,-20.0,44.708682940860214,0.429223746534218,43.39731416569024,13.200723014550224,99.03995439296885,69.58170507015532,0.9292688618881704,12.359580301453171,54.886485065843296,16448.0,2060.0,/home/yifu/vicon_ws/outputs/run_20260412_171320,/home/yifu/vicon_ws/outputs/alignanything_harness/run_20260412_164321/logs/vicon/grand_tour_2024-11-04-16-05-00_svo_stereo.stdout.log,/home/yifu/vicon_ws/outputs/alignanything_harness/run_20260412_164321/logs/vicon/grand_tour_2024-11-04-16-05-00_svo_stereo.stderr.log,92,
grand_tour_2024-11-11-12-07-40_svo_stereo,grand_tour,svo_stereo,ok,GT/grand_tour/group3/2024-11-11-12-07-40.txt,benchmark/grand_tour/pose/svo_stereo/2024-11-11-12-07-40/svo_poses.txt,ok,ok,-0.116,0.7000000000000001,86.98771835051313,2.4436500386701554,87.0191816593199,2.4995757442220152,97.19081028332695,97.12755774467196,0.8409512592678934,21.120624774814253,31.823905562487344,76744.0,9593.0,/home/yifu/vicon_ws/outputs/run_20260412_171337,/home/yifu/vicon_ws/outputs/alignanything_harness/run_20260412_164321/logs/vicon/grand_tour_2024-11-11-12-07-40_svo_stereo.stdout.log,/home/yifu/vicon_ws/outputs/alignanything_harness/run_20260412_164321/logs/vicon/grand_tour_2024-11-11-12-07-40_svo_stereo.stderr.log,102,
grand_tour_2024-11-11-12-42-47_svo_stereo,grand_tour,svo_stereo,ok,GT/grand_tour/group3/2024-11-11-12-42-47.txt,benchmark/grand_tour/pose/svo_stereo/2024-11-11-12-42-47/svo_poses.txt,ok,ok,-0.893,-0.8999999999999995,58.23541545615983,2.3080774315490244,58.395646834616166,2.526981569449372,96.03664297151356,95.67265420210677,0.8509646869612176,19.818777944539182,52.43502547215966,32736.0,4092.0,/home/yifu/vicon_ws/outputs/run_20260412_171649,/home/yifu/vicon_ws/outputs/alignanything_harness/run_20260412_164321/logs/vicon/grand_tour_2024-11-11-12-42-47_svo_stereo.stdout.log,/home/yifu/vicon_ws/outputs/alignanything_harness/run_20260412_164321/logs/vicon/grand_tour_2024-11-11-12-42-47_svo_stereo.stderr.log,102,
grand_tour_2024-11-11-14-29-44_svo_stereo,grand_tour,svo_stereo,ok,GT/grand_tour/group3/2024-11-11-14-29-44.txt,benchmark/grand_tour/pose/svo_stereo/2024-11-11-14-29-44/svo_poses.txt,ok,ok,-1.041,-1.0499999999999996,86.40468745296981,1.5092338606872058,86.60961710814891,1.5333233666110153,98.25329631391855,98.22961535010906,0.8528961135007807,15.468053742097034,51.74037719846333,28184.0,3523.0,/home/yifu/vicon_ws/outputs/run_20260412_171727,/home/yifu/vicon_ws/outputs/alignanything_harness/run_20260412_164321/logs/vicon/grand_tour_2024-11-11-14-29-44_svo_stereo.stdout.log,/home/yifu/vicon_ws/outputs/alignanything_harness/run_20260412_164321/logs/vicon/grand_tour_2024-11-11-14-29-44_svo_stereo.stderr.log,102,
grand_tour_2024-11-14-11-17-02_svo_stereo,grand_tour,svo_stereo,ok,GT/grand_tour/group4/2024-11-14-11-17-02.txt,benchmark/grand_tour/pose/svo_stereo/2024-11-14-11-17-02/svo_poses.txt,ok,ok,0.874,9.100000000000009,91.05252923098277,12.094093073083597,90.94945906124751,14.42997334466836,86.71745510505912,84.13407457987,0.9166350522130011,17.070104068657557,60.309942594515235,42280.0,5207.0,/home/yifu/vicon_ws/outputs/run_20260412_171758,/home/yifu/vicon_ws/outputs/alignanything_harness/run_20260412_164321/logs/vicon/grand_tour_2024-11-14-11-17-02_svo_stereo.stdout.log,/home/yifu/vicon_ws/outputs/alignanything_harness/run_20260412_164321/logs/vicon/grand_tour_2024-11-14-11-17-02_svo_stereo.stderr.log,102,
grand_tour_2024-11-14-12-01-26_svo_stereo,grand_tour,svo_stereo,ok,GT/grand_tour/group4/2024-11-14-12-01-26.txt,benchmark/grand_tour/pose/svo_stereo/2024-11-14-12-01-26/svo_poses.txt,ok,ok,-0.446,0.15000000000000002,36.27389479123041,3.928615928552418,36.274063848294375,3.9481280108557097,89.16957787090706,89.1158376205972,0.9557062048868471,15.135624882799423,58.484022002445904,36679.0,4585.0,/home/yifu/vicon_ws/outputs/run_20260412_171900,/home/yifu/vicon_ws/outputs/alignanything_harness/run_20260412_164321/logs/vicon/grand_tour_2024-11-14-12-01-26_svo_stereo.stdout.log,/home/yifu/vicon_ws/outputs/alignanything_harness/run_20260412_164321/logs/vicon/grand_tour_2024-11-14-12-01-26_svo_stereo.stderr.log,102,
grand_tour_2024-11-14-14-36-02_svo_stereo,grand_tour,svo_stereo,ok,GT/grand_tour/group4/2024-11-14-14-36-02.txt,benchmark/grand_tour/pose/svo_stereo/2024-11-14-14-36-02/svo_poses.txt,ok,ok,-0.27,-0.24999999999999933,30.438546993868272,2.7075014841322633,30.473396058519224,2.7282622520586535,91.10502388738007,91.04706857476477,0.8307276266499054,13.922929344003474,42.80137632359246,38288.0,4786.0,/home/yifu/vicon_ws/outputs/run_20260412_171947,/home/yifu/vicon_ws/outputs/alignanything_harness/run_20260412_164321/logs/vicon/grand_tour_2024-11-14-14-36-02_svo_stereo.stdout.log,/home/yifu/vicon_ws/outputs/alignanything_harness/run_20260412_164321/logs/vicon/grand_tour_2024-11-14-14-36-02_svo_stereo.stderr.log,102,
grand_tour_2024-11-14-15-22-43_svo_stereo,grand_tour,svo_stereo,ok,GT/grand_tour/group4/2024-11-14-15-22-43.txt,benchmark/grand_tour/pose/svo_stereo/2024-11-14-15-22-43/svo_poses.txt,ok,ok,-0.685,-0.6999999999999997,74.14190048964696,1.3566507133298573,74.27694914395192,1.4355159407347475,98.17019700820823,98.06734665696402,0.9185218945166621,13.991181640145271,53.39580957172437,31720.0,3965.0,/home/yifu/vicon_ws/outputs/run_20260412_172038,/home/yifu/vicon_ws/outputs/alignanything_harness/run_20260412_164321/logs/vicon/grand_tour_2024-11-14-15-22-43_svo_stereo.stdout.log,/home/yifu/vicon_ws/outputs/alignanything_harness/run_20260412_164321/logs/vicon/grand_tour_2024-11-14-15-22-43_svo_stereo.stderr.log,102,
grand_tour_2024-11-14-16-04-09_svo_stereo,grand_tour,svo_stereo,ok,GT/grand_tour/group4/2024-11-14-16-04-09.txt,benchmark/grand_tour/pose/svo_stereo/2024-11-14-16-04-09/svo_poses.txt,ok,ok,-0.426,-19.95,83.18043441698482,1.2164159514475423,82.77027857693669,14.175630779753982,98.53761769823105,82.87352534813778,0.8902293454511219,18.161295186634014,44.259400777540584,39056.0,4687.0,/home/yifu/vicon_ws/outputs/run_20260412_172114,/home/yifu/vicon_ws/outputs/alignanything_harness/run_20260412_164321/logs/vicon/grand_tour_2024-11-14-16-04-09_svo_stereo.stdout.log,/home/yifu/vicon_ws/outputs/alignanything_harness/run_20260412_164321/logs/vicon/grand_tour_2024-11-14-16-04-09_svo_stereo.stderr.log,92,
grand_tour_2024-11-15-10-16-35_svo_stereo,grand_tour,svo_stereo,ok,GT/grand_tour/group5/2024-11-15-10-16-35.txt,benchmark/grand_tour/pose/svo_stereo/2024-11-15-10-16-35/svo_poses.txt,ok,ok,-0.189,-0.20000000000000007,44.02073665205158,0.8417946640711053,44.10339729331754,0.8390048320405826,98.08773153723939,98.09764126227826,0.9212358649975103,14.562645216972088,43.81412366097124,37848.0,4731.0,/home/yifu/vicon_ws/outputs/run_20260412_172203,/home/yifu/vicon_ws/outputs/alignanything_harness/run_20260412_164321/logs/vicon/grand_tour_2024-11-15-10-16-35_svo_stereo.stdout.log,/home/yifu/vicon_ws/outputs/alignanything_harness/run_20260412_164321/logs/vicon/grand_tour_2024-11-15-10-16-35_svo_stereo.stderr.log,102,
grand_tour_2024-11-15-11-18-14_svo_stereo,grand_tour,svo_stereo,ok,GT/grand_tour/group5/2024-11-15-11-18-14.txt,benchmark/grand_tour/pose/svo_stereo/2024-11-15-11-18-14/svo_poses.txt,ok,ok,-1.369,0.55,38.2807775417714,0.7942696693170795,38.387981654280196,0.8389334198185927,97.9251475013762,97.81459356895876,0.9358579996216253,14.342870152024721,65.46196799864487,23536.0,2942.0,/home/yifu/vicon_ws/outputs/run_20260412_172254,/home/yifu/vicon_ws/outputs/alignanything_harness/run_20260412_164321/logs/vicon/grand_tour_2024-11-15-11-18-14_svo_stereo.stdout.log,/home/yifu/vicon_ws/outputs/alignanything_harness/run_20260412_164321/logs/vicon/grand_tour_2024-11-15-11-18-14_svo_stereo.stderr.log,102,
grand_tour_2024-11-15-11-37-15_svo_stereo,grand_tour,svo_stereo,ok,GT/grand_tour/group5/2024-11-15-11-37-15.txt,benchmark/grand_tour/pose/svo_stereo/2024-11-15-11-37-15/svo_poses.txt,ok,ok,-0.065,0.30000000000000004,25.358460229415595,1.1523142877992265,25.3843381554468,1.0773581915554185,95.4558980420132,95.75581531825283,0.8940800418697623,12.732556040023885,25.463893166451427,41736.0,5217.0,/home/yifu/vicon_ws/outputs/run_20260412_172317,/home/yifu/vicon_ws/outputs/alignanything_harness/run_20260412_164321/logs/vicon/grand_tour_2024-11-15-11-37-15_svo_stereo.stdout.log,/home/yifu/vicon_ws/outputs/alignanything_harness/run_20260412_164321/logs/vicon/grand_tour_2024-11-15-11-37-15_svo_stereo.stderr.log,102,
grand_tour_2024-11-15-12-06-03_svo_stereo,grand_tour,svo_stereo,ok,GT/grand_tour/group5/2024-11-15-12-06-03.txt,benchmark/grand_tour/pose/svo_stereo/2024-11-15-12-06-03/svo_poses.txt,ok,ok,-1.704,-2.900000000000002,3.207781658818098,1.0014561663400718,3.0457241337533265,1.3127723016433408,68.78041360490398,56.897859294100094,0.9378490842154596,9.040602086474498,59.96103719560043,17672.0,2197.0,/home/yifu/vicon_ws/outputs/run_20260412_172425,/home/yifu/vicon_ws/outputs/alignanything_harness/run_20260412_164321/logs/vicon/grand_tour_2024-11-15-12-06-03_svo_stereo.stdout.log,/home/yifu/vicon_ws/outputs/alignanything_harness/run_20260412_164321/logs/vicon/grand_tour_2024-11-15-12-06-03_svo_stereo.stderr.log,102,
grand_tour_2024-11-15-14-14-12_svo_stereo,grand_tour,svo_stereo,ok,GT/grand_tour/group5/2024-11-15-14-14-12.txt,benchmark/grand_tour/pose/svo_stereo/2024-11-15-14-14-12/svo_poses.txt,ok,ok,0.016,-20.0,56.241600343131886,0.6749952697950421,55.87127135987133,7.7343668418388045,98.79982919106523,86.15680894028347,0.44512161344463097,12.47044141459352,18.15951325848619,43312.0,5215.0,/home/yifu/vicon_ws/outputs/run_20260412_172438,/home/yifu/vicon_ws/outputs/alignanything_harness/run_20260412_164321/logs/vicon/grand_tour_2024-11-15-14-14-12_svo_stereo.stdout.log,/home/yifu/vicon_ws/outputs/alignanything_harness/run_20260412_164321/logs/vicon/grand_tour_2024-11-15-14-14-12_svo_stereo.stderr.log,92,
grand_tour_2024-11-15-14-43-52_svo_stereo,grand_tour,svo_stereo,ok,GT/grand_tour/group6/2024-11-15-14-43-52.txt,benchmark/grand_tour/pose/svo_stereo/2024-11-15-14-43-52/svo_poses.txt,ok,ok,-1.6500000000000001,-1.6499999999999997,61.85328516947503,6.037149191285398,61.889739937301684,5.756945366802689,90.23956581328736,90.69806179079802,0.9173705546960882,14.360354852549444,67.29563446479251,19776.0,2472.0,/home/yifu/vicon_ws/outputs/run_20260412_172544,/home/yifu/vicon_ws/outputs/alignanything_harness/run_20260412_164321/logs/vicon/grand_tour_2024-11-15-14-43-52_svo_stereo.stdout.log,/home/yifu/vicon_ws/outputs/alignanything_harness/run_20260412_164321/logs/vicon/grand_tour_2024-11-15-14-43-52_svo_stereo.stderr.log,102,
grand_tour_2024-11-15-16-41-14_svo_stereo,grand_tour,svo_stereo,ok,GT/grand_tour/group6/2024-11-15-16-41-14.txt,benchmark/grand_tour/pose/svo_stereo/2024-11-15-16-41-14/svo_poses.txt,ok,ok,0.047,0.04999999999999982,36.269849849393424,3.128226643873131,36.28005912861411,3.102879835447558,91.37513208115372,91.44742343321808,0.5557833867992563,16.036484409374914,49.98345120217677,43408.0,5427.0,/home/yifu/vicon_ws/outputs/run_20260412_172600,/home/yifu/vicon_ws/outputs/alignanything_harness/run_20260412_164321/logs/vicon/grand_tour_2024-11-15-16-41-14_svo_stereo.stdout.log,/home/yifu/vicon_ws/outputs/alignanything_harness/run_20260412_164321/logs/vicon/grand_tour_2024-11-15-16-41-14_svo_stereo.stderr.log,102,
grand_tour_2024-11-18-12-05-01_svo_stereo,grand_tour,svo_stereo,ok,GT/grand_tour/group6/2024-11-18-12-05-01.txt,benchmark/grand_tour/pose/svo_stereo/2024-11-18-12-05-01/svo_poses.txt,ok,ok,-0.617,0.9000000000000004,56.96559111206126,6.517889560230993,57.032338994631765,6.630463833010269,88.55819902331909,88.37420321541563,0.5013424682525552,15.315226638021578,10.999572557793018,35647.0,4456.0,/home/yifu/vicon_ws/outputs/run_20260412_172709,/home/yifu/vicon_ws/outputs/alignanything_harness/run_20260412_164321/logs/vicon/grand_tour_2024-11-18-12-05-01_svo_stereo.stdout.log,/home/yifu/vicon_ws/outputs/alignanything_harness/run_20260412_164321/logs/vicon/grand_tour_2024-11-18-12-05-01_svo_stereo.stderr.log,102,
grand_tour_2024-11-18-15-46-05_svo_stereo,grand_tour,svo_stereo,ok,GT/grand_tour/group6/2024-11-18-15-46-05.txt,benchmark/grand_tour/pose/svo_stereo/2024-11-18-15-46-05/svo_poses.txt,ok,ok,-0.625,11.300000000000004,35682.03865797061,35407.262977719845,74028.02259286305,73993.19654814198,0.7700672119231216,0.047044407646294896,0.3101860403065053,7.538791896002474,82.37901187924403,10649.0,1331.0,/home/yifu/vicon_ws/outputs/run_20260412_172757,/home/yifu/vicon_ws/outputs/alignanything_harness/run_20260412_164321/logs/vicon/grand_tour_2024-11-18-15-46-05_svo_stereo.stdout.log,/home/yifu/vicon_ws/outputs/alignanything_harness/run_20260412_164321/logs/vicon/grand_tour_2024-11-18-15-46-05_svo_stereo.stderr.log,102,
grand_tour_2024-11-18-16-59-23_svo_stereo,grand_tour,svo_stereo,ok,GT/grand_tour/group6/2024-11-18-16-59-23.txt,benchmark/grand_tour/pose/svo_stereo/2024-11-18-16-59-23/svo_poses.txt,ok,ok,-0.586,1.4500000000000004,19.493055798753005,7.309009505638389,19.490684525517786,7.405803956565908,62.50454735728721,62.0033665473851,0.9262064334191137,9.06820352744121,51.05054236003491,32303.0,4030.0,/home/yifu/vicon_ws/outputs/run_20260412_172816,/home/yifu/vicon_ws/outputs/alignanything_harness/run_20260412_164321/logs/vicon/grand_tour_2024-11-18-16-59-23_svo_stereo.stdout.log,/home/yifu/vicon_ws/outputs/alignanything_harness/run_20260412_164321/logs/vicon/grand_tour_2024-11-18-16-59-23_svo_stereo.stderr.log,102,
grand_tour_2024-11-25-14-57-08_svo_stereo,grand_tour,svo_stereo,ok,GT/grand_tour/group7/2024-11-25-14-57-08.txt,benchmark/grand_tour/pose/svo_stereo/2024-11-25-14-57-08/svo_poses.txt,ok,ok,-1.214,-0.3499999999999994,1.5728430284111694,1.2996157725565862,1.560253379647082,1.292529206293427,17.371552718163745,17.15901896742186,0.9714437431102922,9.939934467170294,72.13595996830787,25816.0,3227.0,/home/yifu/vicon_ws/outputs/run_20260412_172855,/home/yifu/vicon_ws/outputs/alignanything_harness/run_20260412_164321/logs/vicon/grand_tour_2024-11-25-14-57-08_svo_stereo.stdout.log,/home/yifu/vicon_ws/outputs/alignanything_harness/run_20260412_164321/logs/vicon/grand_tour_2024-11-25-14-57-08_svo_stereo.stderr.log,102,
grand_tour_2024-11-25-16-36-19_svo_stereo,grand_tour,svo_stereo,ok,GT/grand_tour/group7/2024-11-25-16-36-19.txt,benchmark/grand_tour/pose/svo_stereo/2024-11-25-16-36-19/svo_poses.txt,ok,ok,-0.605,-0.5999999999999996,46.293769472476214,1.077242239347702,46.34047943318326,1.1342514329474673,97.67302975838,97.55235283099762,0.9453693202020992,15.785413819395737,58.40445497236324,34792.0,4349.0,/home/yifu/vicon_ws/outputs/run_20260412_172920,/home/yifu/vicon_ws/outputs/alignanything_harness/run_20260412_164321/logs/vicon/grand_tour_2024-11-25-16-36-19_svo_stereo.stdout.log,/home/yifu/vicon_ws/outputs/alignanything_harness/run_20260412_164321/logs/vicon/grand_tour_2024-11-25-16-36-19_svo_stereo.stderr.log,102,
grand_tour_2024-12-03-13-15-38_svo_stereo,grand_tour,svo_stereo,ok,GT/grand_tour/group7/2024-12-03-13-15-38.txt,benchmark/grand_tour/pose/svo_stereo/2024-12-03-13-15-38/svo_poses.txt,ok,ok,-0.157,0.7500000000000002,33.65565259069269,2.0511580133632425,33.65928880384956,1.877583234131856,93.90545761120846,94.42179766460762,0.9238591273065504,13.905195851363967,40.07259733534831,41216.0,5152.0,/home/yifu/vicon_ws/outputs/run_20260412_173007,/home/yifu/vicon_ws/outputs/alignanything_harness/run_20260412_164321/logs/vicon/grand_tour_2024-12-03-13-15-38_svo_stereo.stdout.log,/home/yifu/vicon_ws/outputs/alignanything_harness/run_20260412_164321/logs/vicon/grand_tour_2024-12-03-13-15-38_svo_stereo.stderr.log,102,
grand_tour_2024-12-03-13-26-40_svo_stereo,grand_tour,svo_stereo,ok,GT/grand_tour/group7/2024-12-03-13-26-40.txt,benchmark/grand_tour/pose/svo_stereo/2024-12-03-13-26-40/svo_poses.txt,ok,ok,-1.247,-9.84999999999999,24.14734322451396,0.6407682341920352,23.736698693467815,5.498825819892881,97.34642346267515,76.83407498698676,0.9345848321331084,12.763021283174558,51.623957556625314,22672.0,2748.0,/home/yifu/vicon_ws/outputs/run_20260412_173107,/home/yifu/vicon_ws/outputs/alignanything_harness/run_20260412_164321/logs/vicon/grand_tour_2024-12-03-13-26-40_svo_stereo.stdout.log,/home/yifu/vicon_ws/outputs/alignanything_harness/run_20260412_164321/logs/vicon/grand_tour_2024-12-03-13-26-40_svo_stereo.stderr.log,102,
lamaria_sequence_1_19_svo_mono,lamaria,svo_mono,ok,GT/lamaria/add1/sequence_1_19.txt,benchmark/lamaria/add/pose/svo_mono/sequence_1_19/svo_poses.txt,ok,ok,0.759,-19.45,485.8413224649128,11.571502459134582,481.0486476988169,20.787526687032546,97.61825478318154,95.67870592995648,0.7021626931984145,25.218287983693514,36.51693359815146,2906.0,2915.0,/home/yifu/vicon_ws/outputs/run_20260412_173126,/home/yifu/vicon_ws/outputs/alignanything_harness/run_20260412_164321/logs/vicon/lamaria_sequence_1_19_svo_mono.stdout.log,/home/yifu/vicon_ws/outputs/alignanything_harness/run_20260412_164321/logs/vicon/lamaria_sequence_1_19_svo_mono.stderr.log,102,
lamaria_sequence_1_20_svo_mono,lamaria,svo_mono,ok,GT/lamaria/add1/sequence_1_20.txt,benchmark/lamaria/add/pose/svo_mono/sequence_1_20/svo_poses.txt,ok,ok,1.105,17.55,527.8586567574474,92.7668941190973,528.1938753378371,92.61762116231093,82.42580794469669,82.46522243313163,0.7766637820916966,26.543921149137166,43.97598689414458,3037.0,3036.0,/home/yifu/vicon_ws/outputs/run_20260412_173132,/home/yifu/vicon_ws/outputs/alignanything_harness/run_20260412_164321/logs/vicon/lamaria_sequence_1_20_svo_mono.stdout.log,/home/yifu/vicon_ws/outputs/alignanything_harness/run_20260412_164321/logs/vicon/lamaria_sequence_1_20_svo_mono.stderr.log,102,
lamaria_sequence_2_11_svo_mono,lamaria,svo_mono,ok,GT/lamaria/add2/sequence_2_11.txt,benchmark/lamaria/add/pose/svo_mono/sequence_2_11/svo_poses.txt,ok,ok,0.812,14.5,4454.613391017324,4358.9215362875975,1244.0005710366352,1053.052942708372,2.1481517323745285,15.349480761825124,0.793586105144558,24.249610312625734,48.618215201195426,3848.0,3863.0,/home/yifu/vicon_ws/outputs/run_20260412_173139,/home/yifu/vicon_ws/outputs/alignanything_harness/run_20260412_164321/logs/vicon/lamaria_sequence_2_11_svo_mono.stdout.log,/home/yifu/vicon_ws/outputs/alignanything_harness/run_20260412_164321/logs/vicon/lamaria_sequence_2_11_svo_mono.stderr.log,102,
lamaria_sequence_2_12_svo_mono,lamaria,svo_mono,ok,GT/lamaria/add2/sequence_2_12.txt,benchmark/lamaria/add/pose/svo_mono/sequence_2_12/svo_poses.txt,ok,ok,-77.572,-17.0,65824.69315748877,65879.12482501345,1027.2997917774314,868.2972245006309,-0.08269186670487101,15.47771824247083,0.08204587271538746,4.930243854310702,-2383.3346212074102,0.0,2877.0,/home/yifu/vicon_ws/outputs/run_20260412_173148,/home/yifu/vicon_ws/outputs/alignanything_harness/run_20260412_164321/logs/vicon/lamaria_sequence_2_12_svo_mono.stdout.log,/home/yifu/vicon_ws/outputs/alignanything_harness/run_20260412_164321/logs/vicon/lamaria_sequence_2_12_svo_mono.stderr.log,102,
lamaria_sequence_3_17_svo_mono,lamaria,svo_mono,ok,GT/lamaria/add2/sequence_3_17.txt,benchmark/lamaria/add/pose/svo_mono/sequence_3_17/svo_poses.txt,ok,ok,0.111,-19.099999999999994,6269.835961516282,6268.453422345666,484.9274041473644,36.748653127403664,0.022050643415582726,92.42182380019977,0.778503122074734,26.880440655040804,13.686305581202415,5893.0,5927.0,/home/yifu/vicon_ws/outputs/run_20260412_173200,/home/yifu/vicon_ws/outputs/alignanything_harness/run_20260412_164321/logs/vicon/lamaria_sequence_3_17_svo_mono.stdout.log,/home/yifu/vicon_ws/outputs/alignanything_harness/run_20260412_164321/logs/vicon/lamaria_sequence_3_17_svo_mono.stderr.log,102,
lamaria_sequence_3_18_svo_mono,lamaria,svo_mono,ok,GT/lamaria/add2/sequence_3_18.txt,benchmark/lamaria/add/pose/svo_mono/sequence_3_18/svo_poses.txt,ok,ok,0.908,19.5,490.838349791806,37.234281369021346,484.28709301165,34.760466159475925,92.41414584153507,92.82234305620021,0.7980460869225933,25.23906804370124,47.868879995520665,5550.0,5471.0,/home/yifu/vicon_ws/outputs/run_20260412_173220,/home/yifu/vicon_ws/outputs/alignanything_harness/run_20260412_164321/logs/vicon/lamaria_sequence_3_18_svo_mono.stdout.log,/home/yifu/vicon_ws/outputs/alignanything_harness/run_20260412_164321/logs/vicon/lamaria_sequence_3_18_svo_mono.stderr.log,102,
lamaria_sequence_4_10_svo_mono,lamaria,svo_mono,ok,GT/lamaria/add2/sequence_4_10.txt,benchmark/lamaria/add/pose/svo_mono/sequence_4_10/svo_poses.txt,ok,ok,1.413,19.55,134258.0528764345,133747.69436757936,22273.283452449512,21425.686275424658,0.38013251192079045,3.8054433188279635,0.763276188060681,26.093015963034706,42.11697605250899,3883.0,3852.0,/home/yifu/vicon_ws/outputs/run_20260412_173236,/home/yifu/vicon_ws/outputs/alignanything_harness/run_20260412_164321/logs/vicon/lamaria_sequence_4_10_svo_mono.stdout.log,/home/yifu/vicon_ws/outputs/alignanything_harness/run_20260412_164321/logs/vicon/lamaria_sequence_4_10_svo_mono.stderr.log,92,
lamaria_sequence_4_11_svo_mono,lamaria,svo_mono,ok,GT/lamaria/add2/sequence_4_11.txt,benchmark/lamaria/add/pose/svo_mono/sequence_4_11/svo_poses.txt,ok,ok,0.17500000000000002,6.749999999999999,1483250.6125706306,1197499.9855698196,1099365.9944987597,915750.5084171365,19.265161570071758,16.701943392868003,0.43105248460992956,16.52121930514413,3.870077806069635,0.0,2209.0,/home/yifu/vicon_ws/outputs/run_20260412_173246,/home/yifu/vicon_ws/outputs/alignanything_harness/run_20260412_164321/logs/vicon/lamaria_sequence_4_11_svo_mono.stdout.log,/home/yifu/vicon_ws/outputs/alignanything_harness/run_20260412_164321/logs/vicon/lamaria_sequence_4_11_svo_mono.stderr.log,102,
lamaria_sequence_1_19_svo_mono,lamaria,svo_mono,ok,GT/lamaria/add1/sequence_1_19.txt,benchmark/lamaria/add1/pose/svo_mono/sequence_1_19/svo_poses.txt,ok,ok,0.759,-19.45,485.8413224649128,11.571502459134582,481.0486476988169,20.787526687032546,97.61825478318154,95.67870592995648,0.7021626931984145,25.218287983693514,36.51693359815146,2906.0,2915.0,/home/yifu/vicon_ws/outputs/run_20260412_173253,/home/yifu/vicon_ws/outputs/alignanything_harness/run_20260412_164321/logs/vicon/lamaria_sequence_1_19_svo_mono.stdout.log,/home/yifu/vicon_ws/outputs/alignanything_harness/run_20260412_164321/logs/vicon/lamaria_sequence_1_19_svo_mono.stderr.log,102,
lamaria_sequence_1_20_svo_mono,lamaria,svo_mono,ok,GT/lamaria/add1/sequence_1_20.txt,benchmark/lamaria/add1/pose/svo_mono/sequence_1_20/svo_poses.txt,ok,ok,1.105,17.55,527.8586567574474,92.7668941190973,528.1938753378371,92.61762116231093,82.42580794469669,82.46522243313163,0.7766637820916966,26.543921149137166,43.97598689414458,3037.0,3036.0,/home/yifu/vicon_ws/outputs/run_20260412_173300,/home/yifu/vicon_ws/outputs/alignanything_harness/run_20260412_164321/logs/vicon/lamaria_sequence_1_20_svo_mono.stdout.log,/home/yifu/vicon_ws/outputs/alignanything_harness/run_20260412_164321/logs/vicon/lamaria_sequence_1_20_svo_mono.stderr.log,102,
lamaria_sequence_2_11_svo_mono,lamaria,svo_mono,ok,GT/lamaria/add2/sequence_2_11.txt,benchmark/lamaria/add2/pose/svo_mono/sequence_2_11/svo_poses.txt,ok,ok,0.812,14.5,4454.613391017324,4358.9215362875975,1244.0005710366352,1053.052942708372,2.1481517323745285,15.349480761825124,0.793586105144558,24.249610312625734,48.618215201195426,3848.0,3863.0,/home/yifu/vicon_ws/outputs/run_20260412_173308,/home/yifu/vicon_ws/outputs/alignanything_harness/run_20260412_164321/logs/vicon/lamaria_sequence_2_11_svo_mono.stdout.log,/home/yifu/vicon_ws/outputs/alignanything_harness/run_20260412_164321/logs/vicon/lamaria_sequence_2_11_svo_mono.stderr.log,102,
lamaria_sequence_2_12_svo_mono,lamaria,svo_mono,ok,GT/lamaria/add2/sequence_2_12.txt,benchmark/lamaria/add2/pose/svo_mono/sequence_2_12/svo_poses.txt,ok,ok,-77.572,-17.0,65824.69315748877,65879.12482501345,1027.2997917774314,868.2972245006309,-0.08269186670487101,15.47771824247083,0.08204587271538746,4.930243854310702,-2383.3346212074102,0.0,2877.0,/home/yifu/vicon_ws/outputs/run_20260412_173318,/home/yifu/vicon_ws/outputs/alignanything_harness/run_20260412_164321/logs/vicon/lamaria_sequence_2_12_svo_mono.stdout.log,/home/yifu/vicon_ws/outputs/alignanything_harness/run_20260412_164321/logs/vicon/lamaria_sequence_2_12_svo_mono.stderr.log,102,
lamaria_sequence_3_17_svo_mono,lamaria,svo_mono,ok,GT/lamaria/add2/sequence_3_17.txt,benchmark/lamaria/add2/pose/svo_mono/sequence_3_17/svo_poses.txt,ok,ok,0.111,-19.099999999999994,6269.835961516282,6268.453422345666,484.9274041473644,36.748653127403664,0.022050643415582726,92.42182380019977,0.778503122074734,26.880440655040804,13.686305581202415,5893.0,5927.0,/home/yifu/vicon_ws/outputs/run_20260412_173329,/home/yifu/vicon_ws/outputs/alignanything_harness/run_20260412_164321/logs/vicon/lamaria_sequence_3_17_svo_mono.stdout.log,/home/yifu/vicon_ws/outputs/alignanything_harness/run_20260412_164321/logs/vicon/lamaria_sequence_3_17_svo_mono.stderr.log,102,
lamaria_sequence_3_18_svo_mono,lamaria,svo_mono,ok,GT/lamaria/add2/sequence_3_18.txt,benchmark/lamaria/add2/pose/svo_mono/sequence_3_18/svo_poses.txt,ok,ok,0.908,19.5,490.838349791806,37.234281369021346,484.28709301165,34.760466159475925,92.41414584153507,92.82234305620021,0.7980460869225933,25.23906804370124,47.868879995520665,5550.0,5471.0,/home/yifu/vicon_ws/outputs/run_20260412_173349,/home/yifu/vicon_ws/outputs/alignanything_harness/run_20260412_164321/logs/vicon/lamaria_sequence_3_18_svo_mono.stdout.log,/home/yifu/vicon_ws/outputs/alignanything_harness/run_20260412_164321/logs/vicon/lamaria_sequence_3_18_svo_mono.stderr.log,102,
lamaria_sequence_4_10_svo_mono,lamaria,svo_mono,ok,GT/lamaria/add2/sequence_4_10.txt,benchmark/lamaria/add2/pose/svo_mono/sequence_4_10/svo_poses.txt,ok,ok,1.413,19.55,134258.0528764345,133747.69436757936,22273.283452449512,21425.686275424658,0.38013251192079045,3.8054433188279635,0.763276188060681,26.093015963034706,42.11697605250899,3883.0,3852.0,/home/yifu/vicon_ws/outputs/run_20260412_173407,/home/yifu/vicon_ws/outputs/alignanything_harness/run_20260412_164321/logs/vicon/lamaria_sequence_4_10_svo_mono.stdout.log,/home/yifu/vicon_ws/outputs/alignanything_harness/run_20260412_164321/logs/vicon/lamaria_sequence_4_10_svo_mono.stderr.log,92,
lamaria_sequence_4_11_svo_mono,lamaria,svo_mono,ok,GT/lamaria/add2/sequence_4_11.txt,benchmark/lamaria/add2/pose/svo_mono/sequence_4_11/svo_poses.txt,ok,ok,0.17500000000000002,6.749999999999999,1483250.6125706306,1197499.9855698196,1099365.9944987597,915750.5084171365,19.265161570071758,16.701943392868003,0.43105248460992956,16.52121930514413,3.870077806069635,0.0,2209.0,/home/yifu/vicon_ws/outputs/run_20260412_173420,/home/yifu/vicon_ws/outputs/alignanything_harness/run_20260412_164321/logs/vicon/lamaria_sequence_4_11_svo_mono.stdout.log,/home/yifu/vicon_ws/outputs/alignanything_harness/run_20260412_164321/logs/vicon/lamaria_sequence_4_11_svo_mono.stderr.log,102,
lamaria_R_11_5cp_svo_mono,lamaria,svo_mono,failed,GT/lamaria/cp/R_11_5cp.txt,benchmark/lamaria/cp/pose/svo_mono/R_11_5cp/svo_poses.txt,failed,ok,nan,-18.0,nan,nan,467.12177212336815,23.871550533366705,nan,94.88965148747913,nan,nan,nan,nan,1548.0,/home/yifu/vicon_ws/outputs/run_20260412_173428,/home/yifu/vicon_ws/outputs/alignanything_harness/run_20260412_164321/logs/vicon/lamaria_R_11_5cp_svo_mono.stdout.log,/home/yifu/vicon_ws/outputs/alignanything_harness/run_20260412_164321/logs/vicon/lamaria_R_11_5cp_svo_mono.stderr.log,102,"/home/yifu/.config/matplotlib is not a writable directory
Matplotlib created a temporary cache directory at /tmp/matplotlib-2ag6fqyd because there was an issue with the default path (/home/yifu/.config/matplotlib); it is highly recommended to set the MPLCONFIGDIR environment variable to a writable directory, in particular to speed up the import of Matplotlib and to better support multiprocessing.
Traceback (most recent call last):
  File ""/home/yifu/miniconda3/envs/vicon_ws310/lib/python3.10/runpy.py"", line 196, in _run_module_as_main
    return _run_code(code, main_globals, None,
  File ""/home/yifu/miniconda3/envs/vicon_ws310/lib/python3.10/runpy.py"", line 86, in _run_code
    exec(code, run_globals)
  File ""/home/yifu/vicon_ws/src/vicon_ws/cli.py"", line 122, in <module>
    sys.exit(main())
  File ""/home/yifu/vicon_ws/src/vicon_ws/cli.py"", line 118, in main
    return run(args)
  File ""/home/yifu/vicon_ws/src/vicon_ws/runner.py"", line 36, in run
    run_pipeline_modular(ns, script_dir=repo_root)
  File ""/home/yifu/vicon_ws/src/vicon_ws/core/pipeline_modular.py"", line 117, in run_pipeline_modular
    sig_v = interp1d(t_v_mid, om_v, kind=""linear"")(t_uniform)
  File ""/home/yifu/miniconda3/envs/vicon_ws310/lib/python3.10/site-packages/scipy/interpolate/_polyint.py"", line 82, in __call__
    y = self._evaluate(x)
  File ""/home/yifu/miniconda3/envs/vicon_ws310/lib/python3.10/site-packages/scipy/interpolate/_interpolate.py"", line 533, in _evaluate
    below_bounds, above_bounds = self._check_bounds(x_new)
  File ""/home/yifu/miniconda3/envs/vicon_ws310/lib/python3.10/site-packages/scipy/interpolate/_interpolate.py"", line 566, in _check_bounds
    raise ValueError(f""A value ({above_bounds_value}) in x_new is above ""
ValueError: A value (474.6750000000004) in x_new is above the interpolation range's maximum value (474.67500000000007)."
lamaria_R_12_10cp_svo_mono,lamaria,svo_mono,ok,GT/lamaria/cp/R_12_10cp.txt,benchmark/lamaria/cp/pose/svo_mono/R_12_10cp/svo_poses.txt,ok,ok,0.163,-4.0,1838.7461729805561,1737.0414687372872,1188.9061221034208,1028.479964800366,5.5311986905951445,13.493593339331763,0.7789515847856547,25.1970441334784,21.874088368776427,3224.0,3235.0,/home/yifu/vicon_ws/outputs/run_20260412_173431,/home/yifu/vicon_ws/outputs/alignanything_harness/run_20260412_164321/logs/vicon/lamaria_R_12_10cp_svo_mono.stdout.log,/home/yifu/vicon_ws/outputs/alignanything_harness/run_20260412_164321/logs/vicon/lamaria_R_12_10cp_svo_mono.stderr.log,102,
lamaria_R_13_15cp_svo_mono,lamaria,svo_mono,ok,GT/lamaria/cp/R_13_15cp.txt,benchmark/lamaria/cp/pose/svo_mono/R_13_15cp/svo_poses.txt,ok,ok,0.41400000000000003,-19.0,171.0538328763743,29.526573201888244,169.46401255421807,25.591238422976332,82.7384322786682,84.89871800079703,0.811755947083529,25.21056722012533,42.28159480706937,4286.0,4266.0,/home/yifu/vicon_ws/outputs/run_20260412_173443,/home/yifu/vicon_ws/outputs/alignanything_harness/run_20260412_164321/logs/vicon/lamaria_R_13_15cp_svo_mono.stdout.log,/home/yifu/vicon_ws/outputs/alignanything_harness/run_20260412_164321/logs/vicon/lamaria_R_13_15cp_svo_mono.stderr.log,102,
uzh_fpv_indoor_forward_10_snapdragon_with_gt_rovio,uzh_fpv,rovio,ok,GT/uzhfpv_indoor/indoor_forward_10_snapdragon_with_gt.txt,benchmark/uzh_fpv/indoor/pose/rovio/indoor_forward_10_snapdragon_with_gt/rovio_poses.txt,ok,ok,-8.337,20.0,14.033936359025686,7.2171337702205784,15.404353071938788,7.660961711724889,48.5737031607708,50.26755310042251,0.30259313067415666,2.5705884044346625,-4702.932657977808,10262.0,836.0,/home/yifu/vicon_ws/outputs/run_20260412_173500,/home/yifu/vicon_ws/outputs/alignanything_harness/run_20260412_164321/logs/vicon/uzh_fpv_indoor_forward_10_snapdragon_with_gt_rovio.stdout.log,/home/yifu/vicon_ws/outputs/alignanything_harness/run_20260412_164321/logs/vicon/uzh_fpv_indoor_forward_10_snapdragon_with_gt_rovio.stderr.log,92,
uzh_fpv_indoor_forward_3_snapdragon_with_gt_rovio,uzh_fpv,rovio,ok,GT/uzhfpv_indoor/indoor_forward_3_snapdragon_with_gt.txt,benchmark/uzh_fpv/indoor/pose/rovio/indoor_forward_3_snapdragon_with_gt/rovio_poses.txt,ok,ok,29.969,18.70000000000001,22.438856664719918,0.6281589723801191,17.653541154345227,6.988538854409869,97.20057495902307,60.41282146562238,0.43827930897189693,5.062527566014904,-539.2971000308447,22640.0,1382.0,/home/yifu/vicon_ws/outputs/run_20260412_173507,/home/yifu/vicon_ws/outputs/alignanything_harness/run_20260412_164321/logs/vicon/uzh_fpv_indoor_forward_3_snapdragon_with_gt_rovio.stdout.log,/home/yifu/vicon_ws/outputs/alignanything_harness/run_20260412_164321/logs/vicon/uzh_fpv_indoor_forward_3_snapdragon_with_gt_rovio.stderr.log,102,
uzh_fpv_indoor_forward_5_snapdragon_with_gt_rovio,uzh_fpv,rovio,ok,GT/uzhfpv_indoor/indoor_forward_5_snapdragon_with_gt.txt,benchmark/uzh_fpv/indoor/pose/rovio/indoor_forward_5_snapdragon_with_gt/rovio_poses.txt,ok,ok,1.811,8.65000000000001,14.926979943572467,7.60235048597294,13.400413507790155,6.1136939950165194,49.069734703790566,54.37682582359905,0.23007007143237015,2.6304520385720322,-25.067865693466135,9346.0,542.0,/home/yifu/vicon_ws/outputs/run_20260412_173516,/home/yifu/vicon_ws/outputs/alignanything_harness/run_20260412_164321/logs/vicon/uzh_fpv_indoor_forward_5_snapdragon_with_gt_rovio.stdout.log,/home/yifu/vicon_ws/outputs/alignanything_harness/run_20260412_164321/logs/vicon/uzh_fpv_indoor_forward_5_snapdragon_with_gt_rovio.stderr.log,102,
uzh_fpv_indoor_forward_6_snapdragon_with_gt_rovio,uzh_fpv,rovio,ok,GT/uzhfpv_indoor/indoor_forward_6_snapdragon_with_gt.txt,benchmark/uzh_fpv/indoor/pose/rovio/indoor_forward_6_snapdragon_with_gt/rovio_poses.txt,ok,ok,1.2,20.0,15.981242249495304,8.040984731897426,17.431990956186965,8.153104034199,49.68485799561757,53.22907145436632,0.1571285066477494,2.0856328226643073,4.224516839471916,14982.0,881.0,/home/yifu/vicon_ws/outputs/run_20260412_173523,/home/yifu/vicon_ws/outputs/alignanything_harness/run_20260412_164321/logs/vicon/uzh_fpv_indoor_forward_6_snapdragon_with_gt_rovio.stdout.log,/home/yifu/vicon_ws/outputs/alignanything_harness/run_20260412_164321/logs/vicon/uzh_fpv_indoor_forward_6_snapdragon_with_gt_rovio.stderr.log,92,
uzh_fpv_indoor_forward_7_snapdragon_with_gt_rovio,uzh_fpv,rovio,ok,GT/uzhfpv_indoor/indoor_forward_7_snapdragon_with_gt.txt,benchmark/uzh_fpv/indoor/pose/rovio/indoor_forward_7_snapdragon_with_gt/rovio_poses.txt,ok,ok,30.303,20.0,23.009950195238048,1.1743985969486583,20.026241925776066,8.096299034679497,94.8961271667913,59.57155084469829,0.7222913440995989,8.367144937990965,-2568.501827983428,29686.0,1752.0,/home/yifu/vicon_ws/outputs/run_20260412_173529,/home/yifu/vicon_ws/outputs/alignanything_harness/run_20260412_164321/logs/vicon/uzh_fpv_indoor_forward_7_snapdragon_with_gt_rovio.stdout.log,/home/yifu/vicon_ws/outputs/alignanything_harness/run_20260412_164321/logs/vicon/uzh_fpv_indoor_forward_7_snapdragon_with_gt_rovio.stderr.log,92,
uzh_fpv_indoor_forward_9_snapdragon_with_gt_rovio,uzh_fpv,rovio,ok,GT/uzhfpv_indoor/indoor_forward_9_snapdragon_with_gt.txt,benchmark/uzh_fpv/indoor/pose/rovio/indoor_forward_9_snapdragon_with_gt/rovio_poses.txt,ok,ok,-8.790000000000001,20.0,13.459793584192251,6.932832287012416,13.53270681368349,6.841077975036126,48.49228375125224,49.447822455450535,0.24990383255711396,2.1829143748810655,-5794.189970606199,9296.0,802.0,/home/yifu/vicon_ws/outputs/run_20260412_173541,/home/yifu/vicon_ws/outputs/alignanything_harness/run_20260412_164321/logs/vicon/uzh_fpv_indoor_forward_9_snapdragon_with_gt_rovio.stdout.log,/home/yifu/vicon_ws/outputs/alignanything_harness/run_20260412_164321/logs/vicon/uzh_fpv_indoor_forward_9_snapdragon_with_gt_rovio.stderr.log,92,
uzh_fpv_indoor_forward_10_snapdragon_with_gt_svo_stereo,uzh_fpv,svo_stereo,ok,GT/uzhfpv_indoor/indoor_forward_10_snapdragon_with_gt.txt,benchmark/uzh_fpv/indoor/pose/svo_stereo/indoor_forward_10_snapdragon_with_gt/svo_poses.txt,ok,ok,-11.099,20.0,13.987419941640532,6.736319382619828,14.775976284749744,7.383520417176873,51.84015772225203,50.030236412886694,0.3625425847360492,3.049379796614656,-3816.5523019466896,8979.0,836.0,/home/yifu/vicon_ws/outputs/run_20260412_173546,/home/yifu/vicon_ws/outputs/alignanything_harness/run_20260412_164321/logs/vicon/uzh_fpv_indoor_forward_10_snapdragon_with_gt_svo_stereo.stdout.log,/home/yifu/vicon_ws/outputs/alignanything_harness/run_20260412_164321/logs/vicon/uzh_fpv_indoor_forward_10_snapdragon_with_gt_svo_stereo.stderr.log,92,
uzh_fpv_indoor_forward_3_snapdragon_with_gt_svo_stereo,uzh_fpv,svo_stereo,ok,GT/uzhfpv_indoor/indoor_forward_3_snapdragon_with_gt.txt,benchmark/uzh_fpv/indoor/pose/svo_stereo/indoor_forward_3_snapdragon_with_gt/svo_poses.txt,ok,ok,27.132,18.550000000000008,22.557074434248776,0.3132016398051898,17.819568617903943,7.26988913918921,98.6115148011808,59.20277704205763,0.47060265413918795,5.35662734729378,-2483.098931467403,22627.0,1382.0,/home/yifu/vicon_ws/outputs/run_20260412_173551,/home/yifu/vicon_ws/outputs/alignanything_harness/run_20260412_164321/logs/vicon/uzh_fpv_indoor_forward_3_snapdragon_with_gt_svo_stereo.stdout.log,/home/yifu/vicon_ws/outputs/alignanything_harness/run_20260412_164321/logs/vicon/uzh_fpv_indoor_forward_3_snapdragon_with_gt_svo_stereo.stderr.log,102,
uzh_fpv_indoor_forward_5_snapdragon_with_gt_svo_stereo,uzh_fpv,svo_stereo,ok,GT/uzhfpv_indoor/indoor_forward_5_snapdragon_with_gt.txt,benchmark/uzh_fpv/indoor/pose/svo_stereo/indoor_forward_5_snapdragon_with_gt/svo_poses.txt,ok,ok,7.511,8.149999999999999,15.024219387665179,7.573937665050798,13.411042832279318,6.0309807749245286,49.58847797929877,55.02974041355691,0.22563225812120863,1.995902989271632,-652.5077075317554,9307.0,542.0,/home/yifu/vicon_ws/outputs/run_20260412_173600,/home/yifu/vicon_ws/outputs/alignanything_harness/run_20260412_164321/logs/vicon/uzh_fpv_indoor_forward_5_snapdragon_with_gt_svo_stereo.stdout.log,/home/yifu/vicon_ws/outputs/alignanything_harness/run_20260412_164321/logs/vicon/uzh_fpv_indoor_forward_5_snapdragon_with_gt_svo_stereo.stderr.log,102,
uzh_fpv_indoor_forward_6_snapdragon_with_gt_svo_stereo,uzh_fpv,svo_stereo,ok,GT/uzhfpv_indoor/indoor_forward_6_snapdragon_with_gt.txt,benchmark/uzh_fpv/indoor/pose/svo_stereo/indoor_forward_6_snapdragon_with_gt/svo_poses.txt,ok,ok,19.617,15.750000000000004,20.215826226343562,5.943412962339036,17.054852697941126,7.740564791034262,70.60019760857072,54.6137106656497,0.18399512112590966,2.917228117811265,-703.9196328768553,14256.0,874.0,/home/yifu/vicon_ws/outputs/run_20260412_173606,/home/yifu/vicon_ws/outputs/alignanything_harness/run_20260412_164321/logs/vicon/uzh_fpv_indoor_forward_6_snapdragon_with_gt_svo_stereo.stdout.log,/home/yifu/vicon_ws/outputs/alignanything_harness/run_20260412_164321/logs/vicon/uzh_fpv_indoor_forward_6_snapdragon_with_gt_svo_stereo.stderr.log,102,
uzh_fpv_indoor_forward_7_snapdragon_with_gt_svo_stereo,uzh_fpv,svo_stereo,ok,GT/uzhfpv_indoor/indoor_forward_7_snapdragon_with_gt.txt,benchmark/uzh_fpv/indoor/pose/svo_stereo/indoor_forward_7_snapdragon_with_gt/svo_poses.txt,ok,ok,27.796,20.0,22.04269277953434,0.5405372381125464,19.177707340099623,7.685917152650511,97.54777130217327,59.92264864434424,0.7407378823588315,8.659444226523886,-843.3749354975863,29682.0,1752.0,/home/yifu/vicon_ws/outputs/run_20260412_173611,/home/yifu/vicon_ws/outputs/alignanything_harness/run_20260412_164321/logs/vicon/uzh_fpv_indoor_forward_7_snapdragon_with_gt_svo_stereo.stdout.log,/home/yifu/vicon_ws/outputs/alignanything_harness/run_20260412_164321/logs/vicon/uzh_fpv_indoor_forward_7_snapdragon_with_gt_svo_stereo.stderr.log,92,
uzh_fpv_indoor_forward_9_snapdragon_with_gt_svo_stereo,uzh_fpv,svo_stereo,ok,GT/uzhfpv_indoor/indoor_forward_9_snapdragon_with_gt.txt,benchmark/uzh_fpv/indoor/pose/svo_stereo/indoor_forward_9_snapdragon_with_gt/svo_poses.txt,ok,ok,-11.584,5.0,13.473784571000266,6.612235144282749,13.431075430446732,4.920157945770477,50.92518282862542,63.36735675970021,0.303089332801244,2.099383605816742,-2166.3504540631097,8031.0,783.0,/home/yifu/vicon_ws/outputs/run_20260412_173623,/home/yifu/vicon_ws/outputs/alignanything_harness/run_20260412_164321/logs/vicon/uzh_fpv_indoor_forward_9_snapdragon_with_gt_svo_stereo.stdout.log,/home/yifu/vicon_ws/outputs/alignanything_harness/run_20260412_164321/logs/vicon/uzh_fpv_indoor_forward_9_snapdragon_with_gt_svo_stereo.stderr.log,102,
uzh_fpv_indoor_45_12_snapdragon_with_gt_rovio,uzh_fpv,rovio,ok,GT/uzhfpv_indoor_45/indoor_45_12_snapdragon_with_gt.txt,benchmark/uzh_fpv/indoor_45/pose/rovio/indoor_45_12_snapdragon_with_gt/rovio_poses.txt,ok,ok,21.18,15.15000000000001,18.706269173345976,9.227900235921481,13.642533564902955,6.5823780095843745,50.669477968003605,51.75105871449828,0.42134675665711596,3.3356249932176243,-685.5879319146295,18312.0,1112.0,/home/yifu/vicon_ws/outputs/run_20260412_173628,/home/yifu/vicon_ws/outputs/alignanything_harness/run_20260412_164321/logs/vicon/uzh_fpv_indoor_45_12_snapdragon_with_gt_rovio.stdout.log,/home/yifu/vicon_ws/outputs/alignanything_harness/run_20260412_164321/logs/vicon/uzh_fpv_indoor_45_12_snapdragon_with_gt_rovio.stderr.log,102,
uzh_fpv_indoor_45_13_snapdragon_with_gt_rovio,uzh_fpv,rovio,ok,GT/uzhfpv_indoor_45/indoor_45_13_snapdragon_with_gt.txt,benchmark/uzh_fpv/indoor_45/pose/rovio/indoor_45_13_snapdragon_with_gt/rovio_poses.txt,ok,ok,-1.1280000000000001,-0.6499999999999997,14.635206622758654,8.288184003154894,10.053743747219293,2.466618653526972,43.3681790985671,75.46567014690469,0.4585196094373222,3.3306912909931468,8.89758658625717,17050.0,1038.0,/home/yifu/vicon_ws/outputs/run_20260412_173634,/home/yifu/vicon_ws/outputs/alignanything_harness/run_20260412_164321/logs/vicon/uzh_fpv_indoor_45_13_snapdragon_with_gt_rovio.stdout.log,/home/yifu/vicon_ws/outputs/alignanything_harness/run_20260412_164321/logs/vicon/uzh_fpv_indoor_45_13_snapdragon_with_gt_rovio.stderr.log,102,
uzh_fpv_indoor_45_14_snapdragon_with_gt_rovio,uzh_fpv,rovio,ok,GT/uzhfpv_indoor_45/indoor_45_14_snapdragon_with_gt.txt,benchmark/uzh_fpv/indoor_45/pose/rovio/indoor_45_14_snapdragon_with_gt/rovio_poses.txt,ok,ok,18.984,-0.5499999999999996,11.359835434054448,0.528490900724527,10.703507495106415,2.830250632884343,95.34772397194088,73.5577273694716,0.3476798817251839,2.85938612222994,-366.94233186136086,17294.0,1028.0,/home/yifu/vicon_ws/outputs/run_20260412_173640,/home/yifu/vicon_ws/outputs/alignanything_harness/run_20260412_164321/logs/vicon/uzh_fpv_indoor_45_14_snapdragon_with_gt_rovio.stdout.log,/home/yifu/vicon_ws/outputs/alignanything_harness/run_20260412_164321/logs/vicon/uzh_fpv_indoor_45_14_snapdragon_with_gt_rovio.stderr.log,102,
uzh_fpv_indoor_45_2_snapdragon_with_gt_rovio,uzh_fpv,rovio,ok,GT/uzhfpv_indoor_45/indoor_45_2_snapdragon_with_gt.txt,benchmark/uzh_fpv/indoor_45/pose/rovio/indoor_45_2_snapdragon_with_gt/rovio_poses.txt,ok,ok,18.061,-1.950000000000002,15.28452682697675,0.532976536067648,13.702297368350434,5.725671856004737,96.51296672705676,58.21378195140856,0.6321818814832971,5.997004335497219,-1397.0192559743502,21700.0,1258.0,/home/yifu/vicon_ws/outputs/run_20260412_173646,/home/yifu/vicon_ws/outputs/alignanything_harness/run_20260412_164321/logs/vicon/uzh_fpv_indoor_45_2_snapdragon_with_gt_rovio.stdout.log,/home/yifu/vicon_ws/outputs/alignanything_harness/run_20260412_164321/logs/vicon/uzh_fpv_indoor_45_2_snapdragon_with_gt_rovio.stderr.log,102,
uzh_fpv_indoor_45_4_snapdragon_with_gt_rovio,uzh_fpv,rovio,ok,GT/uzhfpv_indoor_45/indoor_45_4_snapdragon_with_gt.txt,benchmark/uzh_fpv/indoor_45/pose/rovio/indoor_45_4_snapdragon_with_gt/rovio_poses.txt,ok,ok,18.3,-1.8000000000000025,14.621203884498708,0.4509329510228112,13.339379667194665,5.348366294572859,96.91589725041824,59.90543467529742,0.5055155382404968,4.003541469702385,-361.96742882206416,19606.0,1155.0,/home/yifu/vicon_ws/outputs/run_20260412_173653,/home/yifu/vicon_ws/outputs/alignanything_harness/run_20260412_164321/logs/vicon/uzh_fpv_indoor_45_4_snapdragon_with_gt_rovio.stdout.log,/home/yifu/vicon_ws/outputs/alignanything_harness/run_20260412_164321/logs/vicon/uzh_fpv_indoor_45_4_snapdragon_with_gt_rovio.stderr.log,102,
uzh_fpv_indoor_45_12_snapdragon_with_gt_svo_stereo,uzh_fpv,svo_stereo,ok,GT/uzhfpv_indoor_45/indoor_45_12_snapdragon_with_gt.txt,benchmark/uzh_fpv/indoor_45/pose/svo_stereo/indoor_45_12_snapdragon_with_gt/svo_poses.txt,ok,ok,18.433,-1.0,10.261844171257174,0.7347027286379137,9.809571696433856,2.2530815147999457,92.84044157777507,77.03180541898894,0.5453587604171856,3.5936365434507107,-2135.4663199307183,18312.0,1076.0,/home/yifu/vicon_ws/outputs/run_20260412_173700,/home/yifu/vicon_ws/outputs/alignanything_harness/run_20260412_164321/logs/vicon/uzh_fpv_indoor_45_12_snapdragon_with_gt_svo_stereo.stdout.log,/home/yifu/vicon_ws/outputs/alignanything_harness/run_20260412_164321/logs/vicon/uzh_fpv_indoor_45_12_snapdragon_with_gt_svo_stereo.stderr.log,102,
uzh_fpv_indoor_45_13_snapdragon_with_gt_svo_stereo,uzh_fpv,svo_stereo,ok,GT/uzhfpv_indoor_45/indoor_45_13_snapdragon_with_gt.txt,benchmark/uzh_fpv/indoor_45/pose/svo_stereo/indoor_45_13_snapdragon_with_gt/svo_poses.txt,ok,ok,16.25,-0.5999999999999996,10.255702235555455,0.6517653257816565,9.892251021713042,2.2961503532037577,93.64484936464915,76.7883937825215,0.48812512856776447,3.387807968138922,-881.6079160425668,17499.0,1038.0,/home/yifu/vicon_ws/outputs/run_20260412_173706,/home/yifu/vicon_ws/outputs/alignanything_harness/run_20260412_164321/logs/vicon/uzh_fpv_indoor_45_13_snapdragon_with_gt_svo_stereo.stdout.log,/home/yifu/vicon_ws/outputs/alignanything_harness/run_20260412_164321/logs/vicon/uzh_fpv_indoor_45_13_snapdragon_with_gt_svo_stereo.stderr.log,102,
uzh_fpv_indoor_45_14_snapdragon_with_gt_svo_stereo,uzh_fpv,svo_stereo,ok,GT/uzhfpv_indoor_45/indoor_45_14_snapdragon_with_gt.txt,benchmark/uzh_fpv/indoor_45/pose/svo_stereo/indoor_45_14_snapdragon_with_gt/svo_poses.txt,ok,ok,16.192,-0.4499999999999995,10.696529477242981,1.0831274772694648,10.297099975648504,2.5589569597946165,89.87402895888118,75.14876066225426,0.36208296786422167,3.2356811362433935,-1153.3422958996907,17301.0,1028.0,/home/yifu/vicon_ws/outputs/run_20260412_173711,/home/yifu/vicon_ws/outputs/alignanything_harness/run_20260412_164321/logs/vicon/uzh_fpv_indoor_45_14_snapdragon_with_gt_svo_stereo.stdout.log,/home/yifu/vicon_ws/outputs/alignanything_harness/run_20260412_164321/logs/vicon/uzh_fpv_indoor_45_14_snapdragon_with_gt_svo_stereo.stderr.log,102,
uzh_fpv_indoor_45_2_snapdragon_with_gt_svo_stereo,uzh_fpv,svo_stereo,ok,GT/uzhfpv_indoor_45/indoor_45_2_snapdragon_with_gt.txt,benchmark/uzh_fpv/indoor_45/pose/svo_stereo/indoor_45_2_snapdragon_with_gt/svo_poses.txt,ok,ok,15.422,-1.3999999999999995,14.005903158797697,0.5094178605272015,12.987232349796743,4.4822593658809975,96.36283462228441,65.48718583638951,0.7121420182810957,6.450244120761842,-1913.588431762749,21701.0,1260.0,/home/yifu/vicon_ws/outputs/run_20260412_173717,/home/yifu/vicon_ws/outputs/alignanything_harness/run_20260412_164321/logs/vicon/uzh_fpv_indoor_45_2_snapdragon_with_gt_svo_stereo.stdout.log,/home/yifu/vicon_ws/outputs/alignanything_harness/run_20260412_164321/logs/vicon/uzh_fpv_indoor_45_2_snapdragon_with_gt_svo_stereo.stderr.log,102,
uzh_fpv_indoor_45_4_snapdragon_with_gt_svo_stereo,uzh_fpv,svo_stereo,ok,GT/uzhfpv_indoor_45/indoor_45_4_snapdragon_with_gt.txt,benchmark/uzh_fpv/indoor_45/pose/svo_stereo/indoor_45_4_snapdragon_with_gt/svo_poses.txt,ok,ok,15.361,-1.5999999999999996,14.361085483952477,0.45305492153183197,13.366037756828739,4.7846030612814685,96.84525990713544,64.2032803712705,0.6088219567463337,4.705777903025451,-3509.0564680946686,19611.0,1155.0,/home/yifu/vicon_ws/outputs/run_20260412_173725,/home/yifu/vicon_ws/outputs/alignanything_harness/run_20260412_164321/logs/vicon/uzh_fpv_indoor_45_4_snapdragon_with_gt_svo_stereo.stdout.log,/home/yifu/vicon_ws/outputs/alignanything_harness/run_20260412_164321/logs/vicon/uzh_fpv_indoor_45_4_snapdragon_with_gt_svo_stereo.stderr.log,102,
uzh_fpv_outdoor_forward_1_snapdragon_with_gt_rovio,uzh_fpv,rovio,ok,GT/uzhfpv_outdoor/outdoor_forward_1_snapdragon_with_gt.txt,benchmark/uzh_fpv/outdoor/pose/rovio/outdoor_forward_1_snapdragon_with_gt/rovio_poses.txt,ok,ok,20.401,14.450000000000006,38.93881484128222,17.721036222313355,35.399671234659564,16.1053615546276,54.49004728431955,54.504205850195866,0.31002293643273465,2.1272984653175775,-1148.0666472237963,19835.0,1188.0,/home/yifu/vicon_ws/outputs/run_20260412_173731,/home/yifu/vicon_ws/outputs/alignanything_harness/run_20260412_164321/logs/vicon/uzh_fpv_outdoor_forward_1_snapdragon_with_gt_rovio.stdout.log,/home/yifu/vicon_ws/outputs/alignanything_harness/run_20260412_164321/logs/vicon/uzh_fpv_outdoor_forward_1_snapdragon_with_gt_rovio.stderr.log,102,
uzh_fpv_outdoor_forward_3_snapdragon_with_gt_rovio,uzh_fpv,rovio,ok,GT/uzhfpv_outdoor/outdoor_forward_3_snapdragon_with_gt.txt,benchmark/uzh_fpv/outdoor/pose/rovio/outdoor_forward_3_snapdragon_with_gt/rovio_poses.txt,ok,ok,32.267,15.550000000000008,58.56827907870889,0.7318967322281067,51.56997272118171,18.317219190051613,98.75035301746614,64.4808437478023,0.5105259453821295,4.273467401731316,-301.1976183663605,38075.0,2275.0,/home/yifu/vicon_ws/outputs/run_20260412_173738,/home/yifu/vicon_ws/outputs/alignanything_harness/run_20260412_164321/logs/vicon/uzh_fpv_outdoor_forward_3_snapdragon_with_gt_rovio.stdout.log,/home/yifu/vicon_ws/outputs/alignanything_harness/run_20260412_164321/logs/vicon/uzh_fpv_outdoor_forward_3_snapdragon_with_gt_rovio.stderr.log,102,
uzh_fpv_outdoor_forward_5_snapdragon_with_gt_rovio,uzh_fpv,rovio,ok,GT/uzhfpv_outdoor/outdoor_forward_5_snapdragon_with_gt.txt,benchmark/uzh_fpv/outdoor/pose/rovio/outdoor_forward_5_snapdragon_with_gt/rovio_poses.txt,ok,ok,4.886,8.350000000000005,35.86903735303724,28.51006829202584,31.086029618904643,23.066810417745202,20.51621566695899,25.796858908872615,0.42654958033623674,3.4263197806999512,-218.41209498497682,7877.0,464.0,/home/yifu/vicon_ws/outputs/run_20260412_173755,/home/yifu/vicon_ws/outputs/alignanything_harness/run_20260412_164321/logs/vicon/uzh_fpv_outdoor_forward_5_snapdragon_with_gt_rovio.stdout.log,/home/yifu/vicon_ws/outputs/alignanything_harness/run_20260412_164321/logs/vicon/uzh_fpv_outdoor_forward_5_snapdragon_with_gt_rovio.stderr.log,102,
uzh_fpv_outdoor_forward_1_snapdragon_with_gt_svo_stereo,uzh_fpv,svo_stereo,ok,GT/uzhfpv_outdoor/outdoor_forward_1_snapdragon_with_gt.txt,benchmark/uzh_fpv/outdoor/pose/svo_stereo/outdoor_forward_1_snapdragon_with_gt/svo_poses.txt,ok,ok,-14.291,13.650000000000002,26.13788671175519,14.14971874226771,33.92624630957939,15.677732111075672,45.865100349124596,53.78878061540968,0.32209565782794475,2.150222423046818,-6128.321522679481,13504.0,1185.0,/home/yifu/vicon_ws/outputs/run_20260412_173759,/home/yifu/vicon_ws/outputs/alignanything_harness/run_20260412_164321/logs/vicon/uzh_fpv_outdoor_forward_1_snapdragon_with_gt_svo_stereo.stdout.log,/home/yifu/vicon_ws/outputs/alignanything_harness/run_20260412_164321/logs/vicon/uzh_fpv_outdoor_forward_1_snapdragon_with_gt_svo_stereo.stderr.log,102,
uzh_fpv_outdoor_forward_3_snapdragon_with_gt_svo_stereo,uzh_fpv,svo_stereo,ok,GT/uzhfpv_outdoor/outdoor_forward_3_snapdragon_with_gt.txt,benchmark/uzh_fpv/outdoor/pose/svo_stereo/outdoor_forward_3_snapdragon_with_gt/svo_poses.txt,ok,ok,29.847,15.550000000000008,58.15175635311083,1.8635558458750652,50.964570638284556,18.602687560288555,96.79535759064595,63.49878488662305,0.5326926511944274,4.494880478405132,-4192.829150760952,38038.0,2274.0,/home/yifu/vicon_ws/outputs/run_20260412_173806,/home/yifu/vicon_ws/outputs/alignanything_harness/run_20260412_164321/logs/vicon/uzh_fpv_outdoor_forward_3_snapdragon_with_gt_svo_stereo.stdout.log,/home/yifu/vicon_ws/outputs/alignanything_harness/run_20260412_164321/logs/vicon/uzh_fpv_outdoor_forward_3_snapdragon_with_gt_svo_stereo.stderr.log,102,
uzh_fpv_outdoor_forward_5_snapdragon_with_gt_svo_stereo,uzh_fpv,svo_stereo,ok,GT/uzhfpv_outdoor/outdoor_forward_5_snapdragon_with_gt.txt,benchmark/uzh_fpv/outdoor/pose/svo_stereo/outdoor_forward_5_snapdragon_with_gt/svo_poses.txt,ok,ok,2.485,8.099999999999998,35.8737801730182,28.52709465649091,30.687964701919412,22.840907294864156,20.479262238588273,25.570471953013552,0.4736480970224232,3.170630965576822,-261.94001448283797,7878.0,464.0,/home/yifu/vicon_ws/outputs/run_20260412_173822,/home/yifu/vicon_ws/outputs/alignanything_harness/run_20260412_164321/logs/vicon/uzh_fpv_outdoor_forward_5_snapdragon_with_gt_svo_stereo.stdout.log,/home/yifu/vicon_ws/outputs/alignanything_harness/run_20260412_164321/logs/vicon/uzh_fpv_outdoor_forward_5_snapdragon_with_gt_svo_stereo.stderr.log,102,
uzh_fpv_outdoor_45_1_snapdragon_with_gt_rovio,uzh_fpv,rovio,ok,GT/uzhfpv_outdoor_45/outdoor_45_1_snapdragon_with_gt.txt,benchmark/uzh_fpv/outdoor_45/pose/rovio/outdoor_45_1_snapdragon_with_gt/rovio_poses.txt,ok,ok,-5.587,-0.3499999999999994,18.55316855308448,11.313569337221915,12.623357107378045,2.486574196964125,39.02082382935385,80.3017994673415,0.25440770900392196,1.9187531155168933,-463.4340393781615,6980.0,504.0,/home/yifu/vicon_ws/outputs/run_20260412_173826,/home/yifu/vicon_ws/outputs/alignanything_harness/run_20260412_164321/logs/vicon/uzh_fpv_outdoor_45_1_snapdragon_with_gt_rovio.stdout.log,/home/yifu/vicon_ws/outputs/alignanything_harness/run_20260412_164321/logs/vicon/uzh_fpv_outdoor_45_1_snapdragon_with_gt_rovio.stderr.log,102,
uzh_fpv_outdoor_45_1_snapdragon_with_gt_svo_stereo,uzh_fpv,svo_stereo,ok,GT/uzhfpv_outdoor_45/outdoor_45_1_snapdragon_with_gt.txt,benchmark/uzh_fpv/outdoor_45/pose/svo_stereo/outdoor_45_1_snapdragon_with_gt/svo_poses.txt,ok,ok,13.684000000000001,-0.5,14.637955812650675,0.31438605176709616,14.034274590556647,3.456114772332507,97.85225440087495,75.37375551523836,0.3313234850906049,2.4929725013368205,-3711.205156114554,8587.0,493.0,/home/yifu/vicon_ws/outputs/run_20260412_173831,/home/yifu/vicon_ws/outputs/alignanything_harness/run_20260412_164321/logs/vicon/uzh_fpv_outdoor_45_1_snapdragon_with_gt_svo_stereo.stdout.log,/home/yifu/vicon_ws/outputs/alignanything_harness/run_20260412_164321/logs/vicon/uzh_fpv_outdoor_45_1_snapdragon_with_gt_svo_stereo.stderr.log,102,
